K,interaction_mode,timing_mode,final_mean,final_variance,final_std,time_to_stability,stable,count_state_0,count_state_1,count_state_2,count_state_3,replicate,count_state_4,count_state_5,count_state_6,count_state_7,count_state_8,count_state_9
3,dyadic,synchronous,1.38,0.4156,0.6446704584514479,15.0,True,18,88,94,0,0,,,,,,
3,dyadic,synchronous,1.71,0.4559,0.6752036729757919,19.0,True,7,62,113,18,1,,,,,,
3,dyadic,synchronous,1.38,0.23560000000000003,0.48538644398046393,24.0,True,0,124,76,0,2,,,,,,
3,dyadic,synchronous,1.395,0.388975,0.6236786031282459,20.0,True,15,91,94,0,3,,,,,,
3,dyadic,synchronous,1.51,0.34989999999999993,0.5915234568468101,16.0,True,10,78,112,0,4,,,,,,
3,dyadic,synchronous,1.82,0.31760000000000005,0.5635601121442149,22.0,True,1,50,133,16,5,,,,,,
3,dyadic,synchronous,1.545,0.447975,0.6693093455196931,17.0,True,4,99,81,16,6,,,,,,
3,dyadic,synchronous,1.585,0.46277500000000005,0.6802756794123983,10.0,True,9,78,100,13,7,,,,,,
3,dyadic,synchronous,1.42,0.4136000000000001,0.6431174076325411,28.0,True,8,109,74,9,8,,,,,,
3,dyadic,synchronous,1.22,0.3016,0.5491812087098392,48.0,True,13,130,57,0,9,,,,,,
3,dyadic,synchronous,1.545,0.347975,0.5898940582850449,16.0,True,0,101,89,10,10,,,,,,
3,dyadic,synchronous,1.51,0.42989999999999995,0.6556675987114202,10.0,True,8,92,90,10,11,,,,,,
3,dyadic,synchronous,1.5,0.57,0.7549834435270749,32.0,True,5,117,51,27,12,,,,,,
3,dyadic,synchronous,1.035,0.42377499999999996,0.6509800304156802,39.0,True,39,115,46,0,13,,,,,,
3,dyadic,synchronous,1.495,0.26997499999999997,0.5195911854525632,17.0,True,2,97,101,0,14,,,,,,
3,dyadic,synchronous,1.825,0.14437500000000003,0.37996710383926663,46.0,True,0,35,165,0,15,,,,,,
3,dyadic,synchronous,1.785,0.27877500000000005,0.5279914772039412,19.0,True,0,54,135,11,16,,,,,,
3,dyadic,synchronous,1.55,0.3775,0.6144102863722254,12.0,True,2,97,90,11,17,,,,,,
3,dyadic,synchronous,1.345,0.31597500000000006,0.5621165359602937,25.0,True,9,113,78,0,18,,,,,,
3,dyadic,synchronous,1.46,0.26839999999999997,0.5180733538795447,18.0,True,2,104,94,0,19,,,,,,
3,dyadic,synchronous,1.345,0.7159749999999999,0.8461530594401937,24.0,True,37,69,82,12,20,,,,,,
3,dyadic,synchronous,1.69,0.22389999999999996,0.47318072657283916,11.0,True,1,60,139,0,21,,,,,,
3,dyadic,synchronous,1.46,0.24839999999999995,0.49839743177508444,53.0,True,0,108,92,0,22,,,,,,
3,dyadic,synchronous,1.28,0.41159999999999997,0.6415605972938175,29.0,True,21,102,77,0,23,,,,,,
3,dyadic,synchronous,1.6,0.35000000000000014,0.5916079783099617,15.0,True,7,70,119,4,24,,,,,,
3,dyadic,synchronous,1.655,0.46597500000000003,0.6826236151789652,15.0,True,3,84,92,21,25,,,,,,
3,dyadic,synchronous,1.435,0.3957750000000001,0.6291065092653231,19.0,True,7,107,78,8,26,,,,,,
3,dyadic,synchronous,1.49,0.42989999999999995,0.6556675987114202,20.0,True,11,87,95,7,27,,,,,,
3,dyadic,synchronous,1.315,0.40577499999999994,0.6370047095587285,28.0,True,8,132,49,11,28,,,,,,
3,dyadic,synchronous,1.66,0.22440000000000004,0.4737087712930805,25.0,True,0,68,132,0,29,,,,,,
5,dyadic,synchronous,2.505,0.659975,0.8123884538815159,17.0,True,0,25,65,94,0,16.0,0.0,,,,
5,dyadic,synchronous,2.61,0.5078999999999999,0.7126710321038733,33.0,True,1,12,63,112,1,12.0,0.0,,,,
5,dyadic,synchronous,2.69,0.7038999999999999,0.8389874850079707,18.0,True,0,15,66,85,2,34.0,0.0,,,,
5,dyadic,synchronous,2.59,0.31189999999999996,0.5584800802177281,27.0,True,0,3,80,113,3,4.0,0.0,,,,
5,dyadic,synchronous,2.415,0.822775,0.9070694570979667,10.0,True,1,29,81,65,4,23.0,1.0,,,,
5,dyadic,synchronous,2.575,0.29437500000000005,0.5425633603552676,54.0,True,0,0,89,108,5,2.0,1.0,,,,
5,dyadic,synchronous,2.41,0.6718999999999999,0.8196950652529268,17.0,True,0,22,95,62,6,21.0,0.0,,,,
5,dyadic,synchronous,2.065,0.430775,0.6563345183669681,31.0,True,0,36,116,47,7,1.0,0.0,,,,
5,dyadic,synchronous,2.18,0.4576,0.6764613810115105,17.0,True,1,17,136,39,8,5.0,2.0,,,,
5,dyadic,synchronous,2.455,0.527975,0.7266188822209343,37.0,True,1,8,106,70,9,14.0,1.0,,,,
5,dyadic,synchronous,2.505,0.519975,0.7210929205033149,26.0,True,0,13,87,86,10,14.0,0.0,,,,
5,dyadic,synchronous,2.63,0.9831000000000002,0.9915139938498095,11.0,True,1,29,54,77,11,37.0,2.0,,,,
5,dyadic,synchronous,2.295,0.417975,0.646509860713663,27.0,True,0,20,102,77,12,1.0,0.0,,,,
5,dyadic,synchronous,2.705,0.497975,0.7056734372214956,20.0,True,0,0,88,83,13,29.0,0.0,,,,
5,dyadic,synchronous,2.325,0.659375,0.8120190884455858,17.0,True,0,26,101,55,14,18.0,0.0,,,,
5,dyadic,synchronous,2.705,0.607975,0.779727516508171,11.0,True,0,7,78,82,15,33.0,0.0,,,,
5,dyadic,synchronous,2.455,0.6479749999999999,0.8049689435003067,40.0,True,0,19,92,68,16,21.0,0.0,,,,
5,dyadic,synchronous,2.3,0.29,0.5385164807134504,30.0,True,0,6,130,62,17,2.0,0.0,,,,
5,dyadic,synchronous,2.385,0.7467750000000001,0.8641614432500446,20.0,True,0,35,67,86,18,10.0,2.0,,,,
5,dyadic,synchronous,2.45,0.2475,0.49749371855331,34.0,True,0,0,110,90,19,0.0,0.0,,,,
5,dyadic,synchronous,2.725,0.5993749999999999,0.774193128360101,27.0,True,0,10,65,95,20,30.0,0.0,,,,
5,dyadic,synchronous,2.56,0.6664,0.816333265278342,32.0,True,1,21,61,99,21,18.0,0.0,,,,
5,dyadic,synchronous,2.035,1.193775,1.0926001098297584,24.0,True,15,56,51,63,22,15.0,0.0,,,,
5,dyadic,synchronous,2.04,0.46839999999999987,0.6843975452907468,41.0,True,0,43,106,51,23,0.0,0.0,,,,
5,dyadic,synchronous,2.565,0.4857750000000001,0.6969756093293367,25.0,True,0,8,87,89,24,16.0,0.0,,,,
5,dyadic,synchronous,2.17,0.4711,0.6863672486358888,60.0,True,0,30,108,61,25,0.0,1.0,,,,
5,dyadic,synchronous,2.575,0.42437500000000006,0.6514407110397692,34.0,True,1,4,84,102,26,8.0,1.0,,,,
5,dyadic,synchronous,2.515,0.7997749999999999,0.8943014033311141,15.0,True,2,23,67,90,27,14.0,4.0,,,,
5,dyadic,synchronous,2.395,0.5589749999999999,0.747646306752063,10.0,True,0,21,90,78,28,11.0,0.0,,,,
5,dyadic,synchronous,2.59,0.4819,0.6941901756723441,35.0,True,0,10,76,100,29,14.0,0.0,,,,
7,dyadic,synchronous,3.11,1.0079,1.003942229413625,25.0,True,2,4,54,63,0,64.0,13.0,0.0,0.0,,
7,dyadic,synchronous,2.97,0.5390999999999999,0.734234295031225,29.0,True,0,0,50,113,1,30.0,7.0,0.0,0.0,,
7,dyadic,synchronous,3.89,0.7379000000000001,0.85901105930017,23.0,True,0,0,4,58,2,106.0,24.0,4.0,4.0,,
7,dyadic,synchronous,3.38,0.8456,0.9195651146058119,38.0,True,0,17,3,74,3,99.0,7.0,0.0,0.0,,
7,dyadic,synchronous,3.445,0.7069749999999999,0.8408180540402305,33.0,True,0,1,19,94,4,62.0,24.0,0.0,0.0,,
7,dyadic,synchronous,3.62,0.6255999999999999,0.7909487973314075,23.0,True,0,0,4,97,5,76.0,17.0,6.0,0.0,,
7,dyadic,synchronous,3.625,0.674375,0.8212033852828421,23.0,True,0,0,12,83,6,73.0,32.0,0.0,0.0,,
7,dyadic,synchronous,3.575,0.3243750000000001,0.5695392874947259,68.0,True,0,0,8,69,7,123.0,0.0,0.0,0.0,,
7,dyadic,synchronous,3.29,0.35590000000000005,0.5965735495309862,51.0,True,0,0,15,112,8,73.0,0.0,0.0,0.0,,
7,dyadic,synchronous,3.58,0.2736,0.5230678732248808,51.0,True,0,0,0,87,9,110.0,3.0,0.0,0.0,,
7,dyadic,synchronous,3.55,1.4775,1.2155245781143218,17.0,True,0,11,28,54,10,63.0,35.0,9.0,0.0,,
7,dyadic,synchronous,3.385,0.426775,0.653280184913028,26.0,True,0,0,13,100,11,86.0,0.0,0.0,1.0,,
7,dyadic,synchronous,3.465,1.448775,1.2036506968385803,10.0,True,0,8,36,55,12,70.0,21.0,7.0,3.0,,
7,dyadic,synchronous,3.295,0.8779750000000002,0.9370032017021074,20.0,True,0,10,10,113,13,50.0,12.0,5.0,0.0,,
7,dyadic,synchronous,3.7,0.24,0.4898979485566356,46.0,True,0,0,3,54,14,143.0,0.0,0.0,0.0,,
7,dyadic,synchronous,3.11,0.7879,0.887637313321156,38.0,True,0,0,52,91,15,40.0,17.0,0.0,0.0,,
7,dyadic,synchronous,3.4,0.3600000000000001,0.6000000000000001,35.0,True,0,0,9,105,16,83.0,3.0,0.0,0.0,,
7,dyadic,synchronous,3.52,1.1096,1.0533755265810953,24.0,True,0,3,29,74,17,52.0,39.0,3.0,0.0,,
7,dyadic,synchronous,3.26,0.28239999999999993,0.5314132102234569,63.0,True,0,0,9,130,18,61.0,0.0,0.0,0.0,,
7,dyadic,synchronous,3.74,0.9124000000000001,0.9551963149007643,39.0,True,0,0,8,93,19,49.0,43.0,7.0,0.0,,
7,dyadic,synchronous,3.4,0.95,0.9746794344808963,13.0,True,3,5,16,81,20,77.0,16.0,2.0,0.0,,
7,dyadic,synchronous,3.28,0.6016,0.7756287771866126,24.0,True,0,0,31,91,21,69.0,9.0,0.0,0.0,,
7,dyadic,synchronous,3.405,0.560975,0.7489826433235953,47.0,True,0,0,3,130,22,58.0,5.0,0.0,4.0,,
7,dyadic,synchronous,3.485,1.0297749999999999,1.0147783009110907,10.0,True,0,7,27,57,23,81.0,27.0,1.0,0.0,,
7,dyadic,synchronous,3.735,0.8147749999999999,0.9026488796868912,23.0,True,0,5,14,40,24,114.0,24.0,3.0,0.0,,
7,dyadic,synchronous,3.3,0.43,0.6557438524302001,43.0,True,0,0,20,102,25,76.0,2.0,0.0,0.0,,
7,dyadic,synchronous,3.705,0.577975,0.7602466704958333,21.0,True,0,0,14,54,26,109.0,23.0,0.0,0.0,,
7,dyadic,synchronous,3.65,0.9875,0.9937303457175896,33.0,True,1,0,19,79,27,50.0,51.0,0.0,0.0,,
7,dyadic,synchronous,3.145,0.3339749999999999,0.5779057016503644,29.0,True,0,0,14,150,28,29.0,7.0,0.0,0.0,,
7,dyadic,synchronous,3.395,0.9689749999999999,0.9843652777297663,32.0,True,0,0,26,108,29,34.0,26.0,5.0,1.0,,
9,dyadic,synchronous,4.41,1.5019,1.2255202976695245,22.0,True,0,2,7,43,0,53.0,45.0,50.0,0.0,0.0,0.0
9,dyadic,synchronous,5.01,0.7398999999999998,0.8601744009211154,74.0,True,0,0,2,0,1,61.0,68.0,69.0,0.0,0.0,0.0
9,dyadic,synchronous,4.315,0.7257750000000002,0.8519242924110101,27.0,True,0,1,0,31,2,85.0,69.0,14.0,0.0,0.0,0.0
9,dyadic,synchronous,4.855,1.023975,1.011916498531376,33.0,True,0,0,6,5,3,59.0,81.0,40.0,9.0,0.0,0.0
9,dyadic,synchronous,4.41,0.9018999999999999,0.9496841580230766,54.0,True,0,0,0,37,4,73.0,61.0,29.0,0.0,0.0,0.0
9,dyadic,synchronous,3.86,0.6004,0.7748548251124207,43.0,True,0,0,7,46,5,120.0,25.0,0.0,1.0,1.0,0.0
9,dyadic,synchronous,4.49,0.8399,0.9164605828948673,28.0,True,0,0,0,29,6,71.0,76.0,21.0,3.0,0.0,0.0
9,dyadic,synchronous,4.45,1.0075,1.0037429949942367,25.0,True,0,6,4,6,7,83.0,81.0,19.0,1.0,0.0,0.0
9,dyadic,synchronous,4.18,0.4176,0.6462197768561405,49.0,True,0,0,1,24,8,113.0,62.0,0.0,0.0,0.0,0.0
9,dyadic,synchronous,3.99,1.3799,1.1746914488494415,23.0,True,0,0,16,54,9,76.0,28.0,24.0,1.0,0.0,1.0
9,dyadic,synchronous,4.035,0.5837749999999999,0.7640516998214191,38.0,True,0,1,0,45,10,102.0,50.0,1.0,1.0,0.0,0.0
9,dyadic,synchronous,4.355,0.4689749999999999,0.684817493935428,34.0,True,0,0,0,14,11,109.0,71.0,4.0,2.0,0.0,0.0
9,dyadic,synchronous,4.775,0.814375,0.9024272823890023,33.0,True,0,0,0,18,12,48.0,102.0,25.0,7.0,0.0,0.0
9,dyadic,synchronous,4.38,0.6255999999999999,0.7909487973314075,55.0,True,0,0,0,23,13,94.0,67.0,16.0,0.0,0.0,0.0
9,dyadic,synchronous,4.41,0.8819,0.9390953093270139,59.0,True,1,0,1,31,14,66.0,85.0,14.0,2.0,0.0,0.0
9,dyadic,synchronous,4.55,2.0475,1.4309088021254184,11.0,True,0,6,5,36,15,50.0,52.0,33.0,16.0,2.0,0.0
9,dyadic,synchronous,4.475,0.819375,0.9051933495115836,32.0,True,0,0,1,26,16,78.0,67.0,28.0,0.0,0.0,0.0
9,dyadic,synchronous,4.635,0.6917749999999998,0.8317301244995277,39.0,True,0,0,8,5,17,54.0,120.0,11.0,2.0,0.0,0.0
9,dyadic,synchronous,4.62,0.6756,0.8219489035213807,36.0,True,0,0,0,16,18,72.0,84.0,28.0,0.0,0.0,0.0
9,dyadic,synchronous,4.6,0.9399999999999998,0.9695359714832658,38.0,True,0,0,4,24,19,54.0,84.0,34.0,0.0,0.0,0.0
9,dyadic,synchronous,4.725,0.7393749999999999,0.8598691760959919,25.0,True,0,0,1,1,20,74.0,114.0,4.0,2.0,0.0,4.0
9,dyadic,synchronous,4.185,0.5207750000000001,0.7216474208365191,50.0,True,0,0,4,25,21,101.0,70.0,0.0,0.0,0.0,0.0
9,dyadic,synchronous,4.585,1.472775,1.2135794164371774,27.0,True,1,0,16,8,22,64.0,68.0,36.0,7.0,0.0,0.0
9,dyadic,synchronous,3.76,0.4824000000000001,0.6945502141674136,51.0,True,0,0,4,58,23,126.0,8.0,2.0,2.0,0.0,0.0
9,dyadic,synchronous,3.97,1.1391,1.0672862783714592,17.0,True,0,4,15,42,24,67.0,66.0,6.0,0.0,0.0,0.0
9,dyadic,synchronous,4.445,0.8669749999999999,0.9311149230895185,42.0,True,0,0,0,31,25,80.0,58.0,31.0,0.0,0.0,0.0
9,dyadic,synchronous,4.47,0.25910000000000005,0.5090186637049766,50.0,True,0,0,0,1,26,104.0,95.0,0.0,0.0,0.0,0.0
9,dyadic,synchronous,4.825,0.834375,0.9134412953222555,42.0,True,0,0,0,3,27,81.0,78.0,24.0,14.0,0.0,0.0
9,dyadic,synchronous,4.42,0.8936,0.9453041838477179,30.0,True,0,0,0,28,28,83.0,77.0,3.0,8.0,0.0,1.0
9,dyadic,synchronous,4.62,0.8156,0.903105752390051,30.0,True,0,0,1,30,29,38.0,106.0,25.0,0.0,0.0,0.0
3,dyadic,asynchronous,1.23,0.2271,0.4765501022977542,44.0,True,5,144,51,0,0,,,,,,
3,dyadic,asynchronous,1.665,0.272775,0.5222786612527837,34.0,True,1,69,126,4,1,,,,,,
3,dyadic,asynchronous,1.78,0.3716,0.6095900261651268,31.0,True,10,34,146,10,2,,,,,,
3,dyadic,asynchronous,1.745,0.35997500000000004,0.5999791663049643,30.0,True,5,53,130,12,3,,,,,,
3,dyadic,asynchronous,1.55,0.3375000000000001,0.5809475019311126,30.0,True,1,96,95,8,4,,,,,,
3,dyadic,asynchronous,1.505,0.37997499999999995,0.6164211222857309,10.0,True,3,103,84,10,5,,,,,,
3,dyadic,asynchronous,1.575,0.364375,0.6036348233824818,13.0,True,3,88,100,9,6,,,,,,
3,dyadic,asynchronous,1.62,0.4856000000000001,0.6968500556073739,12.0,True,8,77,98,17,7,,,,,,
3,dyadic,asynchronous,1.525,0.27937499999999993,0.5285593627966493,25.0,True,0,98,99,3,8,,,,,,
3,dyadic,asynchronous,1.53,0.41910000000000003,0.6473793323855805,14.0,True,11,78,105,6,9,,,,,,
3,dyadic,asynchronous,1.6,0.3900000000000001,0.6244997998398399,10.0,True,7,74,111,8,10,,,,,,
3,dyadic,asynchronous,1.85,0.2275,0.47696960070847283,39.0,True,0,40,150,10,11,,,,,,
3,dyadic,asynchronous,1.865,0.166775,0.4083809496046553,31.0,True,2,26,169,3,12,,,,,,
3,dyadic,asynchronous,1.24,0.46240000000000003,0.68,25.0,True,24,108,64,4,13,,,,,,
3,dyadic,asynchronous,1.37,0.36310000000000003,0.6025777958073132,19.0,True,13,100,87,0,14,,,,,,
3,dyadic,asynchronous,1.5,0.41,0.6403124237432849,15.0,True,4,104,80,12,15,,,,,,
3,dyadic,asynchronous,1.46,0.30839999999999995,0.5553377350765928,16.0,True,6,96,98,0,16,,,,,,
3,dyadic,asynchronous,1.4,0.47000000000000014,0.6855654600401045,17.0,True,17,92,85,6,17,,,,,,
3,dyadic,asynchronous,1.445,0.306975,0.5540532465386336,24.0,True,6,99,95,0,18,,,,,,
3,dyadic,asynchronous,1.58,0.37360000000000004,0.6112282715974451,38.0,True,0,97,90,13,19,,,,,,
3,dyadic,asynchronous,1.51,0.3998999999999999,0.632376470150495,16.0,True,9,86,99,6,20,,,,,,
3,dyadic,asynchronous,1.56,0.6164000000000001,0.7851114570556209,10.0,True,15,80,83,22,21,,,,,,
3,dyadic,asynchronous,1.365,0.38177500000000003,0.6178794380783358,14.0,True,6,124,61,9,22,,,,,,
3,dyadic,asynchronous,1.595,0.310975,0.5576513247540976,33.0,True,3,79,114,4,23,,,,,,
3,dyadic,asynchronous,1.6,0.26000000000000006,0.5099019513592785,21.0,True,0,82,116,2,24,,,,,,
3,dyadic,asynchronous,1.85,0.3975,0.6304760106459246,51.0,True,1,54,119,26,25,,,,,,
3,dyadic,asynchronous,1.445,0.5769749999999999,0.7595887044973746,12.0,True,9,117,50,24,26,,,,,,
3,dyadic,asynchronous,1.5,0.51,0.714142842854285,19.0,True,19,69,105,7,27,,,,,,
3,dyadic,asynchronous,1.55,0.3975,0.6304760106459246,13.0,True,2,99,86,13,28,,,,,,
3,dyadic,asynchronous,1.4,0.48000000000000015,0.692820323027551,24.0,True,22,78,98,2,29,,,,,,
5,dyadic,asynchronous,2.71,0.3159,0.5620498198558559,26.0,True,0,0,69,120,0,11.0,0.0,,,,
5,dyadic,asynchronous,2.655,0.49597499999999994,0.7042549254353851,51.0,True,0,0,96,77,1,27.0,0.0,,,,
5,dyadic,asynchronous,2.705,0.377975,0.6147967143698801,32.0,True,0,0,76,107,2,17.0,0.0,,,,
5,dyadic,asynchronous,2.555,0.3869749999999999,0.6220731468243906,30.0,True,0,3,94,92,3,11.0,0.0,,,,
5,dyadic,asynchronous,2.455,0.437975,0.6617967966075388,43.0,True,0,18,74,107,4,1.0,0.0,,,,
5,dyadic,asynchronous,2.55,0.3575,0.5979130371550699,50.0,True,0,0,101,88,5,11.0,0.0,,,,
5,dyadic,asynchronous,2.54,0.7084,0.8416650165000326,31.0,True,0,16,90,64,6,30.0,0.0,,,,
5,dyadic,asynchronous,2.485,1.0497750000000001,1.0245852819555823,13.0,True,3,32,66,66,7,30.0,3.0,,,,
5,dyadic,asynchronous,2.57,0.5051000000000001,0.7107038764492566,23.0,True,0,10,82,92,8,16.0,0.0,,,,
5,dyadic,asynchronous,2.285,0.5237749999999999,0.7237230133137953,14.0,True,0,15,129,41,9,14.0,1.0,,,,
5,dyadic,asynchronous,2.475,0.39937499999999987,0.6319612329882268,18.0,True,0,2,114,71,10,13.0,0.0,,,,
5,dyadic,asynchronous,2.735,0.4847749999999999,0.6962578545337926,46.0,True,1,0,76,97,11,26.0,0.0,,,,
5,dyadic,asynchronous,2.005,0.494975,0.7035445970228185,35.0,True,1,46,104,49,12,0.0,0.0,,,,
5,dyadic,asynchronous,2.73,0.2970999999999999,0.5450688029964657,30.0,True,0,5,49,141,13,5.0,0.0,,,,
5,dyadic,asynchronous,2.56,0.3464,0.5885575587824864,20.0,True,0,3,89,101,14,7.0,0.0,,,,
5,dyadic,asynchronous,2.285,0.6037749999999998,0.7770296004657736,13.0,True,3,29,78,88,15,2.0,0.0,,,,
5,dyadic,asynchronous,2.74,0.6123999999999999,0.782559901860554,16.0,True,0,9,66,94,16,30.0,1.0,,,,
5,dyadic,asynchronous,2.68,0.5576000000000001,0.7467261881037789,31.0,True,0,0,92,86,17,16.0,6.0,,,,
5,dyadic,asynchronous,2.415,0.772775,0.8790762196760871,16.0,True,3,24,79,76,18,17.0,1.0,,,,
5,dyadic,asynchronous,2.705,0.6779750000000001,0.8233923730518762,16.0,True,1,11,63,100,19,21.0,4.0,,,,
5,dyadic,asynchronous,2.405,0.6309749999999998,0.7943393481378094,13.0,True,0,25,83,78,20,14.0,0.0,,,,
5,dyadic,asynchronous,2.48,0.41960000000000003,0.647765389628066,24.0,True,0,16,73,110,21,1.0,0.0,,,,
5,dyadic,asynchronous,2.705,0.7179750000000001,0.8473340545499161,12.0,True,0,14,66,87,22,31.0,2.0,,,,
5,dyadic,asynchronous,2.49,0.5198999999999999,0.7210409142344143,44.0,True,0,19,72,101,23,8.0,0.0,,,,
5,dyadic,asynchronous,2.49,0.40989999999999993,0.6402343321003646,29.0,True,0,10,88,96,24,6.0,0.0,,,,
5,dyadic,asynchronous,2.365,0.4317750000000001,0.6570958834142854,30.0,True,0,20,87,93,25,0.0,0.0,,,,
5,dyadic,asynchronous,2.615,0.9767750000000001,0.9883192803947518,10.0,True,0,20,85,53,26,36.0,6.0,,,,
5,dyadic,asynchronous,2.97,0.3691,0.6075360071633614,34.0,True,1,0,34,134,27,31.0,0.0,,,,
5,dyadic,asynchronous,2.525,0.5593749999999998,0.7479137650825795,28.0,True,0,17,75,94,28,14.0,0.0,,,,
5,dyadic,asynchronous,2.71,0.34590000000000004,0.5881326381013046,25.0,True,1,5,49,143,29,0.0,2.0,,,,
7,dyadic,asynchronous,3.555,0.8369749999999999,0.9148633777783434,39.0,True,0,0,26,68,0,77.0,27.0,2.0,0.0,,
7,dyadic,asynchronous,3.755,0.564975,0.751648188982053,36.0,True,0,0,13,48,1,114.0,25.0,0.0,0.0,,
7,dyadic,asynchronous,3.71,0.9058999999999999,0.9517877914745492,23.0,True,0,0,19,68,2,68.0,42.0,3.0,0.0,,
7,dyadic,asynchronous,3.87,0.24309999999999998,0.493051721424842,46.0,True,0,0,3,29,3,160.0,7.0,1.0,0.0,,
7,dyadic,asynchronous,3.58,0.6836000000000001,0.8268010643437755,35.0,True,1,0,11,85,4,76.0,27.0,0.0,0.0,,
7,dyadic,asynchronous,3.415,0.512775,0.7160830957368006,24.0,True,0,0,23,75,5,98.0,4.0,0.0,0.0,,
7,dyadic,asynchronous,3.69,0.28389999999999993,0.5328226721902888,53.0,True,0,0,7,48,6,145.0,0.0,0.0,0.0,,
7,dyadic,asynchronous,3.23,0.5871,0.7662245101796209,44.0,True,0,1,25,111,7,56.0,4.0,3.0,0.0,,
7,dyadic,asynchronous,3.555,0.5369749999999999,0.7327857804297241,38.0,True,0,0,13,76,8,100.0,10.0,0.0,1.0,,
7,dyadic,asynchronous,3.345,0.34597500000000003,0.5881963957727045,28.0,True,0,2,2,125,9,67.0,4.0,0.0,0.0,,
7,dyadic,asynchronous,3.19,0.4739000000000001,0.6884039511798288,50.0,True,0,0,32,98,10,70.0,0.0,0.0,0.0,,
7,dyadic,asynchronous,3.315,0.845775,0.9196602633581599,33.0,True,1,9,10,105,11,57.0,17.0,1.0,0.0,,
7,dyadic,asynchronous,3.505,1.229975,1.1090423797132372,11.0,True,2,2,36,57,12,59.0,44.0,0.0,0.0,,
7,dyadic,asynchronous,3.665,0.242775,0.49272203116970525,51.0,True,0,0,0,69,13,129.0,2.0,0.0,0.0,,
7,dyadic,asynchronous,3.46,0.5084000000000001,0.7130217387990355,23.0,True,0,0,14,89,14,91.0,3.0,3.0,0.0,,
7,dyadic,asynchronous,4.045,0.7129749999999998,0.8443784696449809,59.0,True,1,0,0,52,15,87.0,55.0,5.0,0.0,,
7,dyadic,asynchronous,3.96,1.2684,1.126232658024087,19.0,True,0,5,3,70,16,59.0,45.0,16.0,2.0,,
7,dyadic,asynchronous,3.825,0.744375,0.8627716963368699,24.0,True,0,0,17,38,17,112.0,31.0,0.0,2.0,,
7,dyadic,asynchronous,3.65,0.4775000000000001,0.6910137480542627,50.0,True,0,0,6,77,18,98.0,19.0,0.0,0.0,,
7,dyadic,asynchronous,3.255,0.4199750000000001,0.6480547816350097,31.0,True,0,4,11,115,19,70.0,0.0,0.0,0.0,,
7,dyadic,asynchronous,3.495,0.509975,0.7141253391387257,42.0,True,0,0,17,75,20,101.0,6.0,1.0,0.0,,
7,dyadic,asynchronous,3.625,0.414375,0.6437196594791866,22.0,True,1,0,1,80,21,107.0,11.0,0.0,0.0,,
7,dyadic,asynchronous,3.525,0.639375,0.7996092795859738,41.0,True,0,0,15,86,22,80.0,18.0,0.0,1.0,,
7,dyadic,asynchronous,3.41,0.3818999999999999,0.6179805822192149,39.0,True,0,0,14,90,23,96.0,0.0,0.0,0.0,,
7,dyadic,asynchronous,3.645,0.878975,0.9375366659496577,39.0,True,0,0,18,82,24,53.0,47.0,0.0,0.0,,
7,dyadic,asynchronous,3.555,1.056975,1.0280928946354995,14.0,True,0,0,36,62,25,57.0,45.0,0.0,0.0,,
7,dyadic,asynchronous,3.38,0.4156,0.6446704584514479,25.0,True,0,0,15,97,26,85.0,3.0,0.0,0.0,,
7,dyadic,asynchronous,3.65,0.6375,0.7984359711335656,31.0,True,0,0,16,63,27,96.0,25.0,0.0,0.0,,
7,dyadic,asynchronous,3.72,1.6016,1.26554336156451,14.0,True,3,4,7,88,28,54.0,25.0,12.0,7.0,,
7,dyadic,asynchronous,3.5,0.81,0.9,48.0,True,0,0,29,69,29,75.0,27.0,0.0,0.0,,
9,dyadic,asynchronous,4.505,0.6499749999999999,0.8062102703389481,45.0,True,0,0,0,17,0,88.0,72.0,23.0,0.0,0.0,0.0
9,dyadic,asynchronous,4.66,1.0344000000000002,1.0170545708072898,27.0,True,0,0,6,17,1,55.0,90.0,25.0,7.0,0.0,0.0
9,dyadic,asynchronous,4.31,1.2239,1.106300140106653,17.0,True,0,1,8,31,2,83.0,47.0,25.0,5.0,0.0,0.0
9,dyadic,asynchronous,4.72,0.5316000000000001,0.7291090453423275,36.0,True,0,0,0,11,3,56.0,111.0,22.0,0.0,0.0,0.0
9,dyadic,asynchronous,3.95,0.9275,0.9630680142129111,27.0,True,3,0,4,53,4,80.0,57.0,3.0,0.0,0.0,0.0
9,dyadic,asynchronous,4.715,0.7137749999999999,0.8448520580551366,33.0,True,0,0,0,16,5,60.0,89.0,35.0,0.0,0.0,0.0
9,dyadic,asynchronous,4.68,1.0875999999999997,1.0428806259586951,18.0,True,0,0,0,34,6,46.0,72.0,47.0,0.0,1.0,0.0
9,dyadic,asynchronous,4.35,0.5674999999999999,0.7533259586659681,40.0,True,0,0,0,19,7,107.0,59.0,15.0,0.0,0.0,0.0
9,dyadic,asynchronous,4.535,1.168775,1.0810989778924036,19.0,True,0,0,6,26,8,68.0,58.0,39.0,3.0,0.0,0.0
9,dyadic,asynchronous,4.83,0.6611,0.8130805618141416,49.0,True,0,0,1,0,9,80.0,70.0,49.0,0.0,0.0,0.0
9,dyadic,asynchronous,4.47,1.1791000000000003,1.0858637115218466,36.0,True,2,0,0,30,10,77.0,52.0,37.0,2.0,0.0,0.0
9,dyadic,asynchronous,4.675,1.379375,1.1744679646546345,23.0,True,0,0,12,11,11,67.0,58.0,45.0,6.0,1.0,0.0
9,dyadic,asynchronous,4.12,1.4856,1.2188519188154072,16.0,True,1,2,14,48,12,45.0,73.0,16.0,0.0,0.0,1.0
9,dyadic,asynchronous,5.205,1.122975,1.0597051476708037,34.0,True,0,0,3,13,13,30.0,57.0,88.0,9.0,0.0,0.0
9,dyadic,asynchronous,4.29,1.0558999999999998,1.0275699489572474,29.0,True,0,0,16,15,14,86.0,61.0,22.0,0.0,0.0,0.0
9,dyadic,asynchronous,4.035,0.8837749999999999,0.9400930804978834,24.0,True,0,0,8,57,15,59.0,72.0,4.0,0.0,0.0,0.0
9,dyadic,asynchronous,4.865,0.636775,0.7979818293670602,46.0,True,0,0,0,13,16,39.0,111.0,36.0,1.0,0.0,0.0
9,dyadic,asynchronous,4.685,0.6257750000000001,0.7910594162261139,33.0,True,0,0,0,10,17,74.0,85.0,31.0,0.0,0.0,0.0
9,dyadic,asynchronous,4.52,0.6195999999999999,0.7871467461661771,50.0,True,0,0,0,24,18,61.0,102.0,13.0,0.0,0.0,0.0
9,dyadic,asynchronous,4.37,0.3831,0.6189507250177513,59.0,True,0,0,0,11,19,108.0,77.0,4.0,0.0,0.0,0.0
9,dyadic,asynchronous,4.82,0.6776000000000001,0.8231646250902671,43.0,True,0,0,0,10,20,59.0,88.0,43.0,0.0,0.0,0.0
9,dyadic,asynchronous,4.235,0.8197749999999999,0.9054142698234879,31.0,True,0,0,1,43,21,82.0,56.0,18.0,0.0,0.0,0.0
9,dyadic,asynchronous,4.425,0.404375,0.6359048670988452,40.0,True,0,0,0,9,22,104.0,80.0,7.0,0.0,0.0,0.0
9,dyadic,asynchronous,4.625,1.404375,1.185063289449133,21.0,True,0,0,10,24,23,55.0,57.0,51.0,2.0,1.0,0.0
9,dyadic,asynchronous,4.45,1.7275,1.3143439428094916,17.0,True,1,0,13,35,24,58.0,33.0,58.0,2.0,0.0,0.0
9,dyadic,asynchronous,4.755,1.414975,1.189527217006824,14.0,True,0,0,6,20,25,56.0,70.0,34.0,11.0,3.0,0.0
9,dyadic,asynchronous,4.05,0.5375,0.733143914930759,47.0,True,0,0,0,43,26,110.0,41.0,6.0,0.0,0.0,0.0
9,dyadic,asynchronous,4.2,0.37,0.6082762530298219,44.0,True,0,0,0,19,27,124.0,55.0,2.0,0.0,0.0,0.0
9,dyadic,asynchronous,4.605,0.3989749999999999,0.6316446785970732,58.0,True,0,0,0,2,28,89.0,95.0,14.0,0.0,0.0,0.0
9,dyadic,asynchronous,4.46,2.0084,1.41718029904455,10.0,True,0,4,16,33,29,40.0,54.0,44.0,9.0,0.0,0.0
3,dyadic,partial,1.44,0.3064,0.5535341001239219,12.0,True,3,109,85,3,0,,,,,,
3,dyadic,partial,1.205,0.422975,0.6503652819762137,28.0,True,26,107,67,0,1,,,,,,
3,dyadic,partial,1.575,0.284375,0.5332682251925386,21.0,True,1,86,110,3,2,,,,,,
3,dyadic,partial,1.345,0.37597499999999995,0.6131680030790908,41.0,True,2,140,45,13,3,,,,,,
3,dyadic,partial,1.66,0.33440000000000003,0.5782732917920385,14.0,True,6,61,128,5,4,,,,,,
3,dyadic,partial,1.635,0.311775,0.5583681581179214,22.0,True,0,81,111,8,5,,,,,,
3,dyadic,partial,1.535,0.48877499999999996,0.6991244524403363,45.0,True,14,75,101,10,6,,,,,,
3,dyadic,partial,1.445,0.24697499999999994,0.49696579359147036,28.0,True,0,111,89,0,7,,,,,,
3,dyadic,partial,1.64,0.30039999999999994,0.5480875842417888,15.0,True,7,58,135,0,8,,,,,,
3,dyadic,partial,1.835,0.37777499999999997,0.6146340374564363,22.0,True,0,57,119,24,9,,,,,,
3,dyadic,partial,1.545,0.417975,0.646509860713663,17.0,True,0,108,75,17,10,,,,,,
3,dyadic,partial,1.39,0.48789999999999994,0.6984983894040129,37.0,True,14,105,70,11,11,,,,,,
3,dyadic,partial,1.41,0.2619,0.5117616632769595,32.0,True,0,120,78,2,12,,,,,,
3,dyadic,partial,1.465,0.288775,0.5373778931068899,35.0,True,2,105,91,2,13,,,,,,
3,dyadic,partial,1.505,0.30997499999999995,0.5567539851675962,21.0,True,0,105,89,6,14,,,,,,
3,dyadic,partial,1.66,0.41440000000000005,0.6437390775772432,20.0,True,13,48,133,6,15,,,,,,
3,dyadic,partial,1.605,0.428975,0.6549618309489492,14.0,True,2,92,89,17,16,,,,,,
3,dyadic,partial,1.45,0.28750000000000003,0.5361902647381804,27.0,True,1,111,85,3,17,,,,,,
3,dyadic,partial,1.33,0.22110000000000002,0.4702127178203499,14.0,True,0,134,66,0,18,,,,,,
3,dyadic,partial,1.695,0.291975,0.5403471106612859,22.0,True,1,66,126,7,19,,,,,,
3,dyadic,partial,1.69,0.25389999999999996,0.5038849074937648,31.0,True,2,60,136,2,20,,,,,,
3,dyadic,partial,1.44,0.3064,0.5535341001239219,35.0,True,6,100,94,0,21,,,,,,
3,dyadic,partial,1.84,0.24439999999999998,0.494368283772331,58.0,True,1,40,149,10,22,,,,,,
3,dyadic,partial,1.28,0.5115999999999999,0.7152621896899066,21.0,True,31,82,87,0,23,,,,,,
3,dyadic,partial,1.335,0.312775,0.5592629077634239,20.0,True,8,118,73,1,24,,,,,,
3,dyadic,partial,1.555,0.316975,0.5630053285715865,15.0,True,0,96,97,7,25,,,,,,
3,dyadic,partial,1.495,0.4999749999999999,0.7070891032960414,10.0,True,15,81,94,10,26,,,,,,
3,dyadic,partial,1.805,0.27697499999999997,0.526284143785465,29.0,True,0,51,137,12,27,,,,,,
3,dyadic,partial,1.535,0.378775,0.6154469920309953,18.0,True,3,97,90,10,28,,,,,,
3,dyadic,partial,1.605,0.23897500000000002,0.4888506929523574,40.0,True,0,79,121,0,29,,,,,,
5,dyadic,partial,2.65,0.3575,0.5979130371550699,29.0,True,0,6,65,122,0,7.0,0.0,,,,
5,dyadic,partial,2.06,0.5664,0.7525955088890712,27.0,True,5,36,101,58,1,0.0,0.0,,,,
5,dyadic,partial,2.62,0.5556,0.7453858061433689,36.0,True,0,3,99,69,2,29.0,0.0,,,,
5,dyadic,partial,2.455,0.387975,0.6228763922320383,19.0,True,0,1,120,66,3,13.0,0.0,,,,
5,dyadic,partial,2.33,0.48109999999999997,0.6936137253543935,29.0,True,2,10,118,60,4,10.0,0.0,,,,
5,dyadic,partial,2.165,0.7577749999999998,0.8705027283127835,22.0,True,1,41,100,40,5,18.0,0.0,,,,
5,dyadic,partial,2.555,0.27697499999999997,0.526284143785465,50.0,True,0,0,91,108,6,0.0,1.0,,,,
5,dyadic,partial,2.475,0.2593749999999999,0.509288719686584,60.0,True,0,0,106,93,7,1.0,0.0,,,,
5,dyadic,partial,2.485,0.33977499999999994,0.582902221646135,40.0,True,0,9,85,106,8,0.0,0.0,,,,
5,dyadic,partial,2.78,0.5316,0.7291090453423273,32.0,True,0,10,49,117,9,23.0,1.0,,,,
5,dyadic,partial,2.125,0.449375,0.6703543838895961,21.0,True,0,32,113,53,10,2.0,0.0,,,,
5,dyadic,partial,2.165,0.6477749999999998,0.8048447055177786,21.0,True,0,42,92,57,11,9.0,0.0,,,,
5,dyadic,partial,2.855,0.44397499999999995,0.6663144903121948,29.0,True,3,0,43,131,12,23.0,0.0,,,,
5,dyadic,partial,2.58,0.8636,0.9293008124391154,55.0,True,0,27,65,73,13,35.0,0.0,,,,
5,dyadic,partial,2.655,0.655975,0.8099228358306734,17.0,True,0,15,67,90,14,28.0,0.0,,,,
5,dyadic,partial,2.75,0.4475,0.6689544080129826,26.0,True,0,7,55,119,15,19.0,0.0,,,,
5,dyadic,partial,2.515,0.5097749999999999,0.7139852939661991,18.0,True,1,14,75,101,16,9.0,0.0,,,,
5,dyadic,partial,2.455,0.387975,0.6228763922320383,20.0,True,0,9,95,93,17,2.0,1.0,,,,
5,dyadic,partial,2.23,0.4871000000000001,0.6979254974565695,30.0,True,0,31,92,77,18,0.0,0.0,,,,
5,dyadic,partial,2.46,0.8184,0.9046546302318913,17.0,True,6,13,85,80,19,11.0,5.0,,,,
5,dyadic,partial,2.72,0.20159999999999997,0.44899888641287294,44.0,True,0,0,56,144,20,0.0,0.0,,,,
5,dyadic,partial,2.61,1.0279,1.0138540328863914,10.0,True,1,29,58,77,21,29.0,6.0,,,,
5,dyadic,partial,2.445,0.4769749999999999,0.6906337669126814,24.0,True,2,10,92,89,22,7.0,0.0,,,,
5,dyadic,partial,2.785,0.5987749999999998,0.7738055311252303,25.0,True,0,6,68,89,23,37.0,0.0,,,,
5,dyadic,partial,2.645,0.448975,0.6700559678116448,27.0,True,0,5,78,100,24,17.0,0.0,,,,
5,dyadic,partial,2.735,0.304775,0.5520643078482796,27.0,True,0,0,64,125,25,11.0,0.0,,,,
5,dyadic,partial,2.555,0.296975,0.5449541265097457,30.0,True,0,0,94,101,26,5.0,0.0,,,,
5,dyadic,partial,2.835,0.9477749999999999,0.9735373644601423,22.0,True,9,3,46,101,27,36.0,5.0,,,,
5,dyadic,partial,2.5,0.82,0.9055385138137416,14.0,True,3,10,103,58,28,20.0,6.0,,,,
5,dyadic,partial,2.575,0.824375,0.9079509898667438,37.0,True,0,22,77,65,29,36.0,0.0,,,,
7,dyadic,partial,3.32,0.5476000000000001,0.7400000000000001,36.0,True,0,0,15,121,0,52.0,9.0,3.0,0.0,,
7,dyadic,partial,3.495,0.729975,0.8543857442630934,33.0,True,0,0,11,110,1,54.0,19.0,6.0,0.0,,
7,dyadic,partial,3.155,0.8709749999999999,0.9332604138181368,22.0,True,0,5,37,101,2,37.0,19.0,1.0,0.0,,
7,dyadic,partial,3.245,0.6449750000000001,0.8031033557394714,32.0,True,0,0,31,104,3,50.0,15.0,0.0,0.0,,
7,dyadic,partial,3.44,1.2763999999999998,1.129778739399888,14.0,True,0,9,26,78,4,47.0,35.0,5.0,0.0,,
7,dyadic,partial,3.45,0.8075000000000001,0.8986100377805715,18.0,True,0,4,28,58,5,94.0,16.0,0.0,0.0,,
7,dyadic,partial,2.98,0.32959999999999995,0.5741080037762929,86.0,True,0,0,35,134,6,31.0,0.0,0.0,0.0,,
7,dyadic,partial,3.39,0.3778999999999999,0.6147357155721472,36.0,True,0,0,5,121,7,65.0,9.0,0.0,0.0,,
7,dyadic,partial,3.845,0.31097500000000006,0.5576513247540976,41.0,True,0,0,0,49,8,133.0,18.0,0.0,0.0,,
7,dyadic,partial,3.635,0.5417750000000001,0.7360536665216743,28.0,True,1,0,4,82,9,92.0,21.0,0.0,0.0,,
7,dyadic,partial,3.48,0.4696,0.6852736679604726,32.0,True,0,0,1,122,10,58.0,18.0,1.0,0.0,,
7,dyadic,partial,3.335,0.612775,0.7827994634643025,25.0,True,1,1,20,96,11,72.0,10.0,0.0,0.0,,
7,dyadic,partial,3.85,0.7475000000000002,0.8645808232895292,25.0,True,0,0,7,63,12,91.0,31.0,8.0,0.0,,
7,dyadic,partial,3.505,0.6499749999999999,0.8062102703389481,50.0,True,0,0,23,70,13,90.0,17.0,0.0,0.0,,
7,dyadic,partial,3.625,1.294375,1.1377060252982754,10.0,True,0,3,30,61,14,62.0,34.0,9.0,1.0,,
7,dyadic,partial,3.41,0.6319,0.794921379760288,34.0,True,0,0,25,82,15,79.0,14.0,0.0,0.0,,
7,dyadic,partial,3.19,0.6939000000000002,0.8330066026148893,28.0,True,0,2,30,114,16,36.0,18.0,0.0,0.0,,
7,dyadic,partial,3.61,1.1779000000000002,1.0853110153315502,10.0,True,0,4,27,59,17,70.0,34.0,5.0,1.0,,
7,dyadic,partial,3.29,1.6758999999999997,1.2945655641951859,10.0,True,4,11,44,46,18,59.0,31.0,5.0,0.0,,
7,dyadic,partial,3.32,0.8976,0.9474175425861608,37.0,True,0,0,40,84,19,48.0,28.0,0.0,0.0,,
7,dyadic,partial,3.21,0.3259,0.5708765190476834,42.0,True,0,0,10,144,20,40.0,6.0,0.0,0.0,,
7,dyadic,partial,3.665,0.712775,0.8442600310330935,35.0,True,0,0,14,70,21,89.0,23.0,4.0,0.0,,
7,dyadic,partial,3.585,0.622775,0.7891609468289722,27.0,True,0,3,10,73,22,95.0,19.0,0.0,0.0,,
7,dyadic,partial,3.345,0.28597500000000003,0.5347663040992766,47.0,True,0,0,6,119,23,75.0,0.0,0.0,0.0,,
7,dyadic,partial,3.75,1.0975,1.0476163419878481,10.0,True,0,6,11,64,24,73.0,38.0,8.0,0.0,,
7,dyadic,partial,3.515,0.559775,0.7481811278026197,37.0,True,0,0,2,122,25,47.0,29.0,0.0,0.0,,
7,dyadic,partial,3.57,0.8950999999999999,0.9460972465872628,27.0,True,3,0,11,84,26,74.0,24.0,4.0,0.0,,
7,dyadic,partial,3.095,0.955975,0.9777397404217546,21.0,True,0,12,38,82,27,55.0,13.0,0.0,0.0,,
7,dyadic,partial,3.7,0.89,0.9433981132056604,19.0,True,0,1,14,71,28,81.0,24.0,9.0,0.0,,
7,dyadic,partial,3.555,0.7869749999999999,0.8871161141586821,23.0,True,0,0,18,85,29,69.0,24.0,4.0,0.0,,
9,dyadic,partial,4.985,1.3047750000000002,1.1422674818097556,21.0,True,0,0,3,12,0,48.0,83.0,35.0,15.0,3.0,1.0
9,dyadic,partial,4.365,0.881775,0.9390287535533722,24.0,True,0,0,0,25,1,111.0,33.0,30.0,0.0,0.0,1.0
9,dyadic,partial,4.485,0.379775,0.6162588741754556,50.0,True,0,0,3,2,2,92.0,101.0,2.0,0.0,0.0,0.0
9,dyadic,partial,4.225,0.364375,0.6036348233824818,26.0,True,0,0,0,18,3,120.0,61.0,1.0,0.0,0.0,0.0
9,dyadic,partial,4.77,0.44709999999999994,0.6686553671361652,44.0,True,0,0,0,8,4,43.0,139.0,9.0,0.0,0.0,1.0
9,dyadic,partial,4.205,0.902975,0.9502499671139168,22.0,True,0,0,0,45,5,90.0,50.0,11.0,2.0,2.0,0.0
9,dyadic,partial,4.415,1.2427749999999997,1.114798188014315,24.0,True,0,5,11,16,6,50.0,102.0,15.0,0.0,1.0,0.0
9,dyadic,partial,5.085,0.9977750000000001,0.9988868804824699,26.0,True,0,0,0,6,7,58.0,65.0,55.0,16.0,0.0,0.0
9,dyadic,partial,4.63,0.4831,0.6950539547402057,32.0,True,0,0,0,6,8,81.0,94.0,19.0,0.0,0.0,0.0
9,dyadic,partial,4.15,0.7175,0.8470537173048708,21.0,True,0,0,5,34,9,94.0,62.0,4.0,0.0,1.0,0.0
9,dyadic,partial,4.755,0.624975,0.7905536034956769,54.0,True,0,0,4,0,10,60.0,119.0,14.0,0.0,3.0,0.0
9,dyadic,partial,4.74,1.3124,1.145600279329575,27.0,True,0,0,0,24,11,74.0,50.0,34.0,18.0,0.0,0.0
9,dyadic,partial,4.255,1.249975,1.118022808354105,13.0,True,1,0,4,46,12,73.0,48.0,23.0,5.0,0.0,0.0
9,dyadic,partial,4.295,0.7579750000000002,0.8706175968816621,26.0,True,0,0,0,39,13,79.0,66.0,16.0,0.0,0.0,0.0
9,dyadic,partial,4.635,0.9917749999999999,0.9958790087154161,34.0,True,0,0,0,36,14,41.0,83.0,40.0,0.0,0.0,0.0
9,dyadic,partial,4.6,0.66,0.812403840463596,43.0,True,0,0,7,1,15,74.0,103.0,14.0,0.0,1.0,0.0
9,dyadic,partial,4.35,1.1975,1.0943034314119644,34.0,True,0,0,0,57,16,56.0,47.0,40.0,0.0,0.0,0.0
9,dyadic,partial,4.46,1.0184,1.009158064923429,33.0,True,0,0,12,8,17,89.0,58.0,33.0,0.0,0.0,0.0
9,dyadic,partial,4.185,1.5107749999999998,1.229135875320544,12.0,True,1,1,15,38,18,65.0,52.0,25.0,2.0,1.0,0.0
9,dyadic,partial,4.26,0.9824,0.9911609354691094,34.0,True,0,0,11,24,19,89.0,54.0,22.0,0.0,0.0,0.0
9,dyadic,partial,4.005,0.944975,0.9720982460636374,47.0,True,0,1,12,46,20,71.0,68.0,0.0,2.0,0.0,0.0
9,dyadic,partial,4.31,0.6039000000000001,0.7771100308193172,24.0,True,0,0,0,26,21,98.0,65.0,10.0,1.0,0.0,0.0
9,dyadic,partial,4.735,1.1947750000000001,1.0930576380045107,13.0,True,0,1,5,15,22,62.0,65.0,46.0,6.0,0.0,0.0
9,dyadic,partial,3.76,0.39239999999999997,0.626418390534633,46.0,True,0,0,0,69,23,110.0,21.0,0.0,0.0,0.0,0.0
9,dyadic,partial,4.835,0.24777500000000002,0.49777002722140673,43.0,True,0,0,0,0,24,44.0,145.0,11.0,0.0,0.0,0.0
9,dyadic,partial,4.435,1.355775,1.1643775161003411,28.0,True,0,0,10,36,25,52.0,65.0,33.0,4.0,0.0,0.0
9,dyadic,partial,4.42,1.1136000000000001,1.0552724766618335,23.0,True,0,0,2,39,26,71.0,52.0,33.0,3.0,0.0,0.0
9,dyadic,partial,4.18,1.2575999999999998,1.1214276615100949,41.0,True,0,0,14,49,27,44.0,73.0,20.0,0.0,0.0,0.0
9,dyadic,partial,4.265,0.8947750000000001,0.9459254727514215,43.0,True,1,0,1,33,28,97.0,44.0,24.0,0.0,0.0,0.0
9,dyadic,partial,4.855,0.713975,0.8449704136832248,41.0,True,0,0,0,4,29,67.0,92.0,28.0,9.0,0.0,0.0
3,group,synchronous,1.515,0.24977500000000005,0.49977494935220595,,False,0,97,103,0,0,,,,,,
3,group,synchronous,1.495,0.35997499999999993,0.5999791663049643,10.0,True,4,100,89,7,1,,,,,,
3,group,synchronous,1.255,0.3999750000000001,0.632435767489474,239.0,True,21,107,72,0,2,,,,,,
3,group,synchronous,1.58,0.24360000000000004,0.4935585071701227,246.0,True,0,84,116,0,3,,,,,,
3,group,synchronous,1.495,0.259975,0.5098774362530666,121.0,True,1,99,100,0,4,,,,,,
3,group,synchronous,1.32,0.5176,0.7194442299441979,58.0,True,26,88,82,4,5,,,,,,
3,group,synchronous,1.325,0.439375,0.6628536791781426,41.0,True,22,91,87,0,6,,,,,,
3,group,synchronous,1.5,0.25,0.5,105.0,True,0,100,100,0,7,,,,,,
3,group,synchronous,1.58,0.6136,0.7833262411026456,10.0,True,10,91,72,27,8,,,,,,
3,group,synchronous,1.75,0.4675,0.6837397165588672,157.0,True,1,75,97,27,9,,,,,,
3,group,synchronous,1.46,0.24839999999999993,0.49839743177508444,191.0,True,0,108,92,0,10,,,,,,
3,group,synchronous,1.435,0.325775,0.5707670277792858,83.0,True,7,100,92,1,11,,,,,,
3,group,synchronous,1.48,0.31960000000000005,0.5653317610041029,75.0,True,4,99,94,3,12,,,,,,
3,group,synchronous,1.67,0.3411,0.5840376700179536,12.0,True,0,78,110,12,13,,,,,,
3,group,synchronous,2.125,0.419375,0.6475916923494309,81.0,True,0,31,113,56,14,,,,,,
3,group,synchronous,1.45,0.29750000000000004,0.5454356057317857,29.0,True,5,100,95,0,15,,,,,,
3,group,synchronous,1.565,0.265775,0.5155337040388339,177.0,True,0,89,109,2,16,,,,,,
3,group,synchronous,1.475,0.24937499999999993,0.4993746088859544,273.0,True,0,105,95,0,17,,,,,,
3,group,synchronous,2.085,0.517775,0.7195658413237804,167.0,True,0,44,95,61,18,,,,,,
3,group,synchronous,1.54,0.25839999999999996,0.5083306010855534,87.0,True,0,93,106,1,19,,,,,,
3,group,synchronous,1.53,0.34909999999999997,0.5908468498688979,29.0,True,3,95,95,7,20,,,,,,
3,group,synchronous,1.45,0.25750000000000006,0.5074445782546111,23.0,True,1,108,91,0,21,,,,,,
3,group,synchronous,1.52,0.24960000000000002,0.4995998398718719,137.0,True,0,96,104,0,22,,,,,,
3,group,synchronous,1.47,0.25909999999999994,0.5090186637049765,,False,0,107,92,1,23,,,,,,
3,group,synchronous,1.73,0.5070999999999999,0.712109542135197,140.0,True,0,85,84,31,24,,,,,,
3,group,synchronous,1.245,0.40497500000000003,0.6363764609097354,22.0,True,20,113,65,2,25,,,,,,
3,group,synchronous,1.785,0.3387750000000001,0.5820438127838832,32.0,True,0,60,123,17,26,,,,,,
3,group,synchronous,1.825,0.604375,0.7774155902733106,45.0,True,12,45,109,34,27,,,,,,
3,group,synchronous,1.485,0.24977500000000002,0.49977494935220595,114.0,True,0,103,97,0,28,,,,,,
3,group,synchronous,1.485,0.269775,0.5193986907954236,26.0,True,2,99,99,0,29,,,,,,
5,group,synchronous,2.625,0.354375,0.5952940449895329,30.0,True,0,1,84,104,0,11.0,0.0,,,,
5,group,synchronous,2.5,0.25,0.5,38.0,True,0,0,100,100,1,0.0,0.0,,,,
5,group,synchronous,2.445,0.4569749999999999,0.6759992603546249,215.0,True,0,11,98,83,2,7.0,1.0,,,,
5,group,synchronous,2.48,0.24960000000000002,0.4995998398718719,152.0,True,0,0,104,96,3,0.0,0.0,,,,
5,group,synchronous,2.78,0.5716,0.756042326857432,53.0,True,0,0,77,97,4,19.0,7.0,,,,
5,group,synchronous,2.46,0.3783999999999999,0.6151422599691878,40.0,True,0,8,97,90,5,5.0,0.0,,,,
5,group,synchronous,2.26,0.5224,0.7227724399837061,15.0,True,3,24,91,82,6,0.0,0.0,,,,
5,group,synchronous,3.275,0.379375,0.615934249737746,142.0,True,1,0,12,117,7,70.0,0.0,,,,
5,group,synchronous,1.95,0.3675,0.6062177826491071,92.0,True,0,42,126,32,8,0.0,0.0,,,,
5,group,synchronous,2.665,0.502775,0.7090662874513214,14.0,True,0,6,77,95,9,22.0,0.0,,,,
5,group,synchronous,2.21,0.4259000000000001,0.6526101439603893,18.0,True,0,25,109,65,10,1.0,0.0,,,,
5,group,synchronous,2.29,0.35590000000000005,0.5965735495309862,66.0,True,0,15,112,73,11,0.0,0.0,,,,
5,group,synchronous,2.635,0.4317750000000001,0.6570958834142854,82.0,True,0,0,93,87,12,20.0,0.0,,,,
5,group,synchronous,3.225,0.41437500000000005,0.6437196594791866,137.0,True,0,0,24,107,13,69.0,0.0,,,,
5,group,synchronous,2.335,0.6227749999999999,0.7891609468289722,12.0,True,1,22,100,64,14,12.0,1.0,,,,
5,group,synchronous,2.83,0.46110000000000007,0.6790434448545984,,False,0,0,66,102,15,32.0,0.0,,,,
5,group,synchronous,2.725,0.329375,0.5739120141624497,85.0,True,0,0,68,119,16,13.0,0.0,,,,
5,group,synchronous,2.165,0.4577749999999999,0.6765907182337043,76.0,True,0,32,103,65,17,0.0,0.0,,,,
5,group,synchronous,2.645,0.338975,0.5822155958062272,187.0,True,0,0,82,107,18,11.0,0.0,,,,
5,group,synchronous,2.3,0.58,0.7615773105863908,40.0,True,0,28,93,70,19,9.0,0.0,,,,
5,group,synchronous,2.75,0.4475,0.6689544080129826,262.0,True,0,0,75,101,20,23.0,1.0,,,,
5,group,synchronous,2.5,0.26,0.5099019513592785,260.0,True,0,0,101,98,21,1.0,0.0,,,,
5,group,synchronous,2.575,0.33437500000000014,0.578251675311019,138.0,True,0,0,94,97,22,9.0,0.0,,,,
5,group,synchronous,2.18,0.5876,0.766550715869472,29.0,True,0,39,91,65,23,5.0,0.0,,,,
5,group,synchronous,2.995,0.45497499999999996,0.6745183466741286,40.0,True,0,0,46,109,24,45.0,0.0,,,,
5,group,synchronous,2.58,0.6236,0.7896834808959854,56.0,True,0,15,77,85,25,23.0,0.0,,,,
5,group,synchronous,2.755,0.374975,0.6123520229410531,198.0,True,0,0,68,113,26,19.0,0.0,,,,
5,group,synchronous,2.5,0.26,0.5099019513592785,168.0,True,0,0,101,98,27,1.0,0.0,,,,
5,group,synchronous,2.56,0.3164,0.5624944444170094,266.0,True,0,1,92,101,28,6.0,0.0,,,,
5,group,synchronous,2.51,0.7798999999999999,0.8831194709664145,22.0,True,2,14,93,66,29,21.0,4.0,,,,
7,group,synchronous,3.875,0.509375,0.7137051211810099,196.0,True,1,0,0,55,0,110.0,34.0,0.0,0.0,,
7,group,synchronous,3.345,0.545975,0.7389012112589882,56.0,True,0,0,22,97,1,71.0,10.0,0.0,0.0,,
7,group,synchronous,3.245,0.774975,0.880326643922584,54.0,True,0,0,40,90,2,51.0,19.0,0.0,0.0,,
7,group,synchronous,3.48,0.2596,0.5095095681142798,225.0,True,0,0,1,102,3,97.0,0.0,0.0,0.0,,
7,group,synchronous,3.345,0.405975,0.6371616749303115,39.0,True,0,0,12,111,4,75.0,0.0,2.0,0.0,,
7,group,synchronous,3.47,0.2791,0.5282991576748917,102.0,True,0,0,0,108,5,91.0,0.0,1.0,0.0,,
7,group,synchronous,4.155,0.580975,0.7622171606569876,91.0,True,1,1,0,26,6,110.0,61.0,0.0,1.0,,
7,group,synchronous,3.995,0.464975,0.6818907537135256,34.0,True,0,0,0,44,7,115.0,40.0,0.0,1.0,,
7,group,synchronous,3.885,0.4517750000000001,0.6721420980715314,197.0,True,0,0,0,58,8,107.0,35.0,0.0,0.0,,
7,group,synchronous,3.785,0.5787749999999999,0.7607726335772075,157.0,True,0,0,7,63,9,96.0,34.0,0.0,0.0,,
7,group,synchronous,2.93,0.6051000000000001,0.7778817390837762,58.0,True,0,1,59,96,10,43.0,0.0,0.0,1.0,,
7,group,synchronous,3.8,0.48,0.6928203230275509,74.0,True,0,0,0,72,11,96.0,32.0,0.0,0.0,,
7,group,synchronous,3.695,0.3919749999999999,0.6260790684889569,34.0,True,0,0,0,79,12,103.0,18.0,0.0,0.0,,
7,group,synchronous,3.725,0.369375,0.6077622890571609,33.0,True,0,0,0,72,13,111.0,17.0,0.0,0.0,,
7,group,synchronous,3.745,0.459975,0.6782145678175897,189.0,True,0,0,0,78,14,95.0,27.0,0.0,0.0,,
7,group,synchronous,3.7,0.54,0.7348469228349535,108.0,True,0,0,7,72,15,95.0,26.0,0.0,0.0,,
7,group,synchronous,4.17,0.46110000000000007,0.6790434448545984,221.0,True,0,0,0,32,16,102.0,66.0,0.0,0.0,,
7,group,synchronous,3.445,0.24697499999999997,0.4969657935914704,165.0,True,0,0,0,111,17,89.0,0.0,0.0,0.0,,
7,group,synchronous,3.57,0.5551,0.7450503338701353,114.0,True,0,0,10,87,18,82.0,21.0,0.0,0.0,,
7,group,synchronous,3.3,0.5099999999999999,0.714142842854285,44.0,True,0,3,21,89,19,87.0,0.0,0.0,0.0,,
7,group,synchronous,3.425,0.324375,0.5695392874947259,161.0,True,0,0,2,114,20,83.0,0.0,0.0,1.0,,
7,group,synchronous,3.685,0.475775,0.6897644525488393,56.0,True,1,0,0,76,21,109.0,11.0,3.0,0.0,,
7,group,synchronous,3.545,0.6079749999999999,0.779727516508171,37.0,True,1,0,10,87,22,82.0,20.0,0.0,0.0,,
7,group,synchronous,3.245,0.534975,0.731419852068564,122.0,True,0,0,23,111,23,64.0,0.0,0.0,2.0,,
7,group,synchronous,3.515,0.24977499999999997,0.4997749493522059,88.0,True,0,0,0,97,24,103.0,0.0,0.0,0.0,,
7,group,synchronous,2.665,0.3627749999999999,0.6023080607131204,147.0,True,0,0,81,105,25,14.0,0.0,0.0,0.0,,
7,group,synchronous,3.455,0.8579749999999998,0.9262693992570411,14.0,True,0,0,25,89,26,62.0,18.0,6.0,0.0,,
7,group,synchronous,3.62,0.3356,0.5793099343184096,213.0,True,0,0,0,86,27,104.0,10.0,0.0,0.0,,
7,group,synchronous,3.74,0.3623999999999999,0.6019966777316964,70.0,True,0,0,0,69,28,114.0,17.0,0.0,0.0,,
7,group,synchronous,2.895,0.44397500000000006,0.6663144903121949,39.0,True,0,0,56,109,29,35.0,0.0,0.0,0.0,,
9,group,synchronous,4.74,0.47239999999999993,0.6873136110975833,,False,0,0,0,4,0,68.0,104.0,24.0,0.0,0.0,0.0
9,group,synchronous,4.87,0.6331,0.7956758133813042,193.0,True,0,2,0,0,1,58.0,100.0,40.0,0.0,0.0,0.0
9,group,synchronous,4.57,0.8550999999999999,0.924716172671377,13.0,True,0,0,3,19,2,69.0,81.0,27.0,0.0,1.0,0.0
9,group,synchronous,5.22,0.7716,0.87840765023991,79.0,True,0,0,0,5,3,32.0,90.0,60.0,13.0,0.0,0.0
9,group,synchronous,4.39,0.48789999999999994,0.6984983894040129,34.0,True,0,1,0,17,4,86.0,94.0,2.0,0.0,0.0,0.0
9,group,synchronous,4.75,0.6275,0.7921489758877429,61.0,True,0,0,0,13,5,55.0,101.0,31.0,0.0,0.0,0.0
9,group,synchronous,4.465,0.24877499999999994,0.49877349568717055,,False,0,0,0,0,6,107.0,93.0,0.0,0.0,0.0,0.0
9,group,synchronous,4.76,0.5424,0.7364781055808788,57.0,True,0,0,0,0,7,81.0,89.0,27.0,3.0,0.0,0.0
9,group,synchronous,3.935,0.49077499999999996,0.7005533527148378,205.0,True,0,0,0,56,8,101.0,43.0,0.0,0.0,0.0,0.0
9,group,synchronous,4.565,0.3257749999999999,0.5707670277792857,65.0,True,0,0,0,0,9,95.0,97.0,8.0,0.0,0.0,0.0
9,group,synchronous,4.145,0.4639749999999999,0.6811571037580096,59.0,True,0,0,0,34,10,103.0,63.0,0.0,0.0,0.0,0.0
9,group,synchronous,4.49,0.6798999999999998,0.8245604889879212,28.0,True,0,0,0,22,11,79.0,78.0,21.0,0.0,0.0,0.0
9,group,synchronous,4.39,0.6979,0.8354040938372279,24.0,True,0,0,1,23,12,93.0,63.0,20.0,0.0,0.0,0.0
9,group,synchronous,4.045,0.43297499999999994,0.658008358609524,37.0,True,0,0,0,39,13,113.0,48.0,0.0,0.0,0.0,0.0
9,group,synchronous,4.56,0.4864,0.6974238309665077,129.0,True,0,0,0,0,14,100.0,96.0,0.0,0.0,4.0,0.0
9,group,synchronous,4.37,0.43309999999999993,0.6581033353509158,50.0,True,0,0,0,20,15,86.0,94.0,0.0,0.0,0.0,0.0
9,group,synchronous,4.195,0.576975,0.7595887044973747,235.0,True,1,0,0,32,16,92.0,75.0,0.0,0.0,0.0,0.0
9,group,synchronous,4.575,1.524375,1.2346558224865747,18.0,True,0,0,5,37,17,55.0,61.0,25.0,17.0,0.0,0.0
9,group,synchronous,4.755,0.854975,0.9246485818947651,55.0,True,0,2,2,10,18,54.0,93.0,39.0,0.0,0.0,0.0
9,group,synchronous,5.03,0.5390999999999999,0.734234295031225,52.0,True,0,0,0,0,19,50.0,95.0,54.0,1.0,0.0,0.0
9,group,synchronous,4.37,0.6531,0.808146026408594,29.0,True,0,0,0,28,20,84.0,74.0,14.0,0.0,0.0,0.0
9,group,synchronous,4.0,0.54,0.7348469228349535,46.0,True,0,0,1,51,21,95.0,53.0,0.0,0.0,0.0,0.0
9,group,synchronous,4.4,1.0699999999999998,1.03440804327886,66.0,True,0,0,0,41,22,75.0,52.0,27.0,5.0,0.0,0.0
9,group,synchronous,4.195,0.8669749999999999,0.9311149230895185,43.0,True,0,0,14,18,23,88.0,78.0,1.0,0.0,0.0,1.0
9,group,synchronous,4.65,0.4475,0.6689544080129826,99.0,True,0,0,0,0,24,92.0,86.0,22.0,0.0,0.0,0.0
9,group,synchronous,4.85,0.3975,0.6304760106459246,46.0,True,0,0,0,0,25,57.0,116.0,27.0,0.0,0.0,0.0
9,group,synchronous,4.145,0.5739749999999999,0.7576113779504634,47.0,True,0,0,0,42,26,90.0,65.0,3.0,0.0,0.0,0.0
9,group,synchronous,4.835,0.447775,0.6691599210950997,108.0,True,0,0,0,0,27,64.0,105.0,31.0,0.0,0.0,0.0
9,group,synchronous,4.38,0.4756000000000001,0.6896375859826668,55.0,True,0,0,0,15,28,103.0,73.0,9.0,0.0,0.0,0.0
9,group,synchronous,4.145,0.6839749999999999,0.8270278108987629,28.0,True,0,0,0,42,29,98.0,52.0,5.0,3.0,0.0,0.0
3,group,asynchronous,1.665,0.372775,0.6105530280000255,54.0,True,0,82,103,15,0,,,,,,
3,group,asynchronous,1.18,0.5576,0.7467261881037788,132.0,True,41,82,77,0,1,,,,,,
3,group,asynchronous,1.59,0.3019,0.5494542747126462,48.0,True,0,88,106,6,2,,,,,,
3,group,asynchronous,1.195,0.436975,0.6610408459391901,42.0,True,28,105,67,0,3,,,,,,
3,group,asynchronous,1.42,0.24360000000000004,0.4935585071701227,105.0,True,0,116,84,0,4,,,,,,
3,group,asynchronous,1.48,0.2696,0.5192301994298868,27.0,True,2,100,98,0,5,,,,,,
3,group,asynchronous,0.895,0.533975,0.7307359304153587,193.0,True,64,94,41,1,6,,,,,,
3,group,asynchronous,1.64,0.37040000000000006,0.6086049621881177,60.0,True,0,86,100,14,7,,,,,,
3,group,asynchronous,1.47,0.24909999999999993,0.49909918853871116,90.0,True,0,106,94,0,8,,,,,,
3,group,asynchronous,1.43,0.3250999999999999,0.5701754116059372,71.0,True,8,98,94,0,9,,,,,,
3,group,asynchronous,1.3,0.34,0.5830951894845301,69.0,True,13,114,73,0,10,,,,,,
3,group,asynchronous,1.415,0.35277500000000006,0.5939486509791904,28.0,True,11,95,94,0,11,,,,,,
3,group,asynchronous,1.465,0.24877500000000002,0.4987734956871706,107.0,True,0,107,93,0,12,,,,,,
3,group,asynchronous,1.665,0.43277499999999997,0.6578563673021642,71.0,True,4,76,103,17,13,,,,,,
3,group,asynchronous,1.535,0.338775,0.5820438127838832,61.0,True,0,102,89,9,14,,,,,,
3,group,asynchronous,1.275,0.399375,0.6319612329882269,19.0,True,17,114,66,3,15,,,,,,
3,group,asynchronous,1.385,0.286775,0.5355137719984426,26.0,True,5,113,82,0,16,,,,,,
3,group,asynchronous,1.415,0.302775,0.55024994320763,82.0,True,6,105,89,0,17,,,,,,
3,group,asynchronous,1.545,0.287975,0.5366330217196851,128.0,True,1,92,104,3,18,,,,,,
3,group,asynchronous,1.4,0.5100000000000001,0.7141428428542851,20.0,True,20,87,86,7,19,,,,,,
3,group,asynchronous,1.82,0.5176000000000001,0.719444229944198,120.0,True,0,73,90,37,20,,,,,,
3,group,asynchronous,1.87,0.47309999999999997,0.6878226515607057,19.0,True,0,62,102,36,21,,,,,,
3,group,asynchronous,1.42,0.34360000000000007,0.5861740355901138,174.0,True,10,96,94,0,22,,,,,,
3,group,asynchronous,1.2,0.45,0.6708203932499369,74.0,True,29,102,69,0,23,,,,,,
3,group,asynchronous,1.5,0.26,0.5099019513592785,80.0,True,0,101,98,1,24,,,,,,
3,group,asynchronous,1.47,0.24909999999999993,0.49909918853871116,77.0,True,0,106,94,0,25,,,,,,
3,group,asynchronous,1.715,0.35377499999999995,0.5947898788647971,80.0,True,1,69,116,14,26,,,,,,
3,group,asynchronous,1.5,0.25,0.5,49.0,True,0,100,100,0,27,,,,,,
3,group,asynchronous,1.54,0.24839999999999995,0.49839743177508444,207.0,True,0,92,108,0,28,,,,,,
3,group,asynchronous,1.515,0.24977500000000005,0.49977494935220595,144.0,True,0,97,103,0,29,,,,,,
5,group,asynchronous,2.365,0.3417750000000001,0.5846152580971524,71.0,True,0,11,105,84,0,0.0,0.0,,,,
5,group,asynchronous,2.585,0.28277500000000005,0.5317659259486265,172.0,True,0,0,87,109,1,4.0,0.0,,,,
5,group,asynchronous,2.5,0.3,0.5477225575051661,63.0,True,0,4,93,102,2,1.0,0.0,,,,
5,group,asynchronous,2.51,0.2798999999999999,0.5290557626564518,53.0,True,0,3,92,105,3,0.0,0.0,,,,
5,group,asynchronous,2.54,0.24839999999999995,0.49839743177508444,266.0,True,0,0,92,108,4,0.0,0.0,,,,
5,group,asynchronous,2.575,0.46437500000000015,0.6814506585219506,62.0,True,0,11,74,104,5,11.0,0.0,,,,
5,group,asynchronous,3.205,0.592975,0.7700486997586582,,False,0,1,40,76,6,83.0,0.0,,,,
5,group,asynchronous,2.555,0.24697499999999997,0.4969657935914704,,False,0,0,89,111,7,0.0,0.0,,,,
5,group,asynchronous,2.355,0.38897500000000007,0.6236786031282459,34.0,True,0,12,109,75,8,4.0,0.0,,,,
5,group,asynchronous,2.41,0.6419,0.8011866199581719,14.0,True,0,22,92,68,9,18.0,0.0,,,,
5,group,asynchronous,2.76,0.4324,0.6575712889109439,85.0,True,0,0,73,102,10,25.0,0.0,,,,
5,group,asynchronous,2.53,0.35910000000000003,0.5992495306631453,122.0,True,3,0,87,108,11,2.0,0.0,,,,
5,group,asynchronous,2.18,0.5676,0.7533923280734945,81.0,True,0,30,112,54,12,0.0,4.0,,,,
5,group,asynchronous,2.375,0.394375,0.6279928343540235,27.0,True,0,16,93,91,13,0.0,0.0,,,,
5,group,asynchronous,2.46,0.29839999999999994,0.5462600113499064,55.0,True,0,5,98,97,14,0.0,0.0,,,,
5,group,asynchronous,2.75,0.4875,0.698212002188447,43.0,True,0,4,68,102,15,26.0,0.0,,,,
5,group,asynchronous,3.045,0.5629749999999999,0.7503165998430262,154.0,True,1,0,46,95,16,58.0,0.0,,,,
5,group,asynchronous,2.42,0.2936000000000001,0.5418486873657627,114.0,True,0,2,115,80,17,3.0,0.0,,,,
5,group,asynchronous,2.43,0.3251,0.5701754116059373,141.0,True,0,8,98,94,18,0.0,0.0,,,,
5,group,asynchronous,2.505,0.24997499999999997,0.4999749993749687,108.0,True,0,0,99,101,19,0.0,0.0,,,,
5,group,asynchronous,2.52,0.24960000000000002,0.4995998398718719,125.0,True,0,0,96,104,20,0.0,0.0,,,,
5,group,asynchronous,2.505,0.26997499999999997,0.5195911854525632,237.0,True,0,0,101,97,21,2.0,0.0,,,,
5,group,asynchronous,2.465,0.30877499999999997,0.5556752648804876,37.0,True,0,6,95,99,22,0.0,0.0,,,,
5,group,asynchronous,2.775,0.424375,0.6514407110397692,67.0,True,0,0,69,108,23,22.0,1.0,,,,
5,group,asynchronous,2.76,0.6424000000000001,0.8014985963805552,13.0,True,0,16,46,108,24,30.0,0.0,,,,
5,group,asynchronous,2.115,0.42177500000000007,0.6494420682401164,47.0,True,0,32,113,55,25,0.0,0.0,,,,
5,group,asynchronous,2.465,0.28877499999999995,0.5373778931068899,290.0,True,1,0,105,93,26,1.0,0.0,,,,
5,group,asynchronous,2.75,0.3575,0.5979130371550699,166.0,True,0,0,67,116,27,17.0,0.0,,,,
5,group,asynchronous,2.46,0.24839999999999995,0.49839743177508444,191.0,True,0,0,108,92,28,0.0,0.0,,,,
5,group,asynchronous,2.1,0.49999999999999994,0.7071067811865475,131.0,True,0,41,98,61,29,0.0,0.0,,,,
7,group,asynchronous,3.17,0.46110000000000007,0.6790434448545984,106.0,True,0,0,32,102,0,66.0,0.0,0.0,0.0,,
7,group,asynchronous,3.665,0.762775,0.8733699101755223,17.0,True,0,0,20,58,1,94.0,25.0,3.0,0.0,,
7,group,asynchronous,3.565,0.345775,0.5880263599533613,134.0,True,0,1,0,90,2,104.0,4.0,1.0,0.0,,
7,group,asynchronous,3.425,0.784375,0.8856494791959176,20.0,True,0,0,33,69,3,79.0,18.0,1.0,0.0,,
7,group,asynchronous,3.895,0.433975,0.6587677891336218,61.0,True,0,0,0,55,4,111.0,34.0,0.0,0.0,,
7,group,asynchronous,3.11,0.42790000000000006,0.6541406576570516,67.0,True,0,0,33,112,5,55.0,0.0,0.0,0.0,,
7,group,asynchronous,3.17,0.6711000000000001,0.8192069335644079,47.0,True,1,3,31,98,6,60.0,7.0,0.0,0.0,,
7,group,asynchronous,3.335,0.3627749999999999,0.6023080607131204,149.0,True,0,0,14,105,7,81.0,0.0,0.0,0.0,,
7,group,asynchronous,3.535,0.26877499999999993,0.51843514541358,184.0,True,0,0,0,95,8,103.0,2.0,0.0,0.0,,
7,group,asynchronous,3.645,0.368975,0.6074331238910173,63.0,True,0,0,4,73,9,113.0,10.0,0.0,0.0,,
7,group,asynchronous,3.38,0.4556,0.6749814812274482,67.0,True,0,0,13,107,10,71.0,9.0,0.0,0.0,,
7,group,asynchronous,4.105,0.4739749999999999,0.6884584228550044,235.0,True,0,0,0,38,11,103.0,59.0,0.0,0.0,,
7,group,asynchronous,3.18,0.49759999999999993,0.7054076835419358,125.0,True,0,0,32,102,12,65.0,0.0,1.0,0.0,,
7,group,asynchronous,3.6,0.34000000000000014,0.5830951894845302,98.0,True,0,0,0,90,13,100.0,10.0,0.0,0.0,,
7,group,asynchronous,3.535,0.4487749999999998,0.6699067099231055,69.0,True,0,1,5,92,14,90.0,12.0,0.0,0.0,,
7,group,asynchronous,3.01,0.5298999999999999,0.7279423054061358,205.0,True,0,0,52,94,15,54.0,0.0,0.0,0.0,,
7,group,asynchronous,3.48,0.24960000000000002,0.4995998398718719,139.0,True,0,0,0,104,16,96.0,0.0,0.0,0.0,,
7,group,asynchronous,3.735,0.6647749999999999,0.8153373534924055,45.0,True,0,0,11,66,17,89.0,33.0,1.0,0.0,,
7,group,asynchronous,3.055,0.601975,0.7758704788816236,185.0,True,0,0,52,87,18,60.0,0.0,1.0,0.0,,
7,group,asynchronous,2.98,0.9196000000000001,0.9589577675789482,49.0,True,0,17,37,83,19,61.0,0.0,2.0,0.0,,
7,group,asynchronous,3.46,0.33840000000000003,0.5817215828899596,75.0,True,1,0,2,101,20,95.0,1.0,0.0,0.0,,
7,group,asynchronous,2.83,0.5811000000000001,0.762299153875957,31.0,True,0,1,75,81,21,43.0,0.0,0.0,0.0,,
7,group,asynchronous,2.915,0.517775,0.7195658413237804,215.0,True,1,0,55,103,22,41.0,0.0,0.0,0.0,,
7,group,asynchronous,3.68,0.4076000000000001,0.6384355879804947,74.0,True,0,0,0,83,23,98.0,19.0,0.0,0.0,,
7,group,asynchronous,3.525,0.24937499999999993,0.4993746088859544,,False,0,0,0,95,24,105.0,0.0,0.0,0.0,,
7,group,asynchronous,3.445,0.426975,0.6534332406604365,27.0,True,1,0,9,92,25,95.0,3.0,0.0,0.0,,
7,group,asynchronous,3.71,0.3759,0.6131068422387733,62.0,True,0,0,0,75,26,108.0,17.0,0.0,0.0,,
7,group,asynchronous,3.22,0.4416,0.664529909033446,137.0,True,0,0,27,102,27,71.0,0.0,0.0,0.0,,
7,group,asynchronous,3.5,0.29,0.5385164807134504,34.0,True,0,0,4,92,28,104.0,0.0,0.0,0.0,,
7,group,asynchronous,3.57,0.33509999999999995,0.5788782255362521,70.0,True,0,0,0,95,29,96.0,9.0,0.0,0.0,,
9,group,asynchronous,4.72,0.4516000000000001,0.6720119046564578,86.0,True,0,0,0,0,0,81.0,94.0,25.0,0.0,0.0,0.0
9,group,asynchronous,4.055,0.8219749999999999,0.9066283692892032,70.0,True,0,0,0,61,1,82.0,43.0,13.0,1.0,0.0,0.0
9,group,asynchronous,4.49,0.6498999999999999,0.8061637550770935,22.0,True,0,0,0,21,2,79.0,81.0,19.0,0.0,0.0,0.0
9,group,asynchronous,4.455,0.4679749999999999,0.6840869827733896,40.0,True,0,0,0,11,3,98.0,80.0,11.0,0.0,0.0,0.0
9,group,asynchronous,4.1,0.43,0.6557438524302001,101.0,True,0,0,0,34,4,112.0,54.0,0.0,0.0,0.0,0.0
9,group,asynchronous,4.775,0.824375,0.9079509898667438,60.0,True,1,0,0,14,5,53.0,91.0,41.0,0.0,0.0,0.0
9,group,asynchronous,4.61,0.48790000000000006,0.6984983894040129,74.0,True,0,0,0,7,6,82.0,93.0,18.0,0.0,0.0,0.0
9,group,asynchronous,4.55,0.2475,0.49749371855331,165.0,True,0,0,0,0,7,90.0,110.0,0.0,0.0,0.0,0.0
9,group,asynchronous,4.13,0.6930999999999998,0.832526275861609,35.0,True,0,0,3,38,8,100.0,48.0,11.0,0.0,0.0,0.0
9,group,asynchronous,4.49,0.2498999999999999,0.4998999899979994,147.0,True,0,0,0,0,9,102.0,98.0,0.0,0.0,0.0,0.0
9,group,asynchronous,3.96,0.4783999999999999,0.6916646586316232,149.0,True,0,0,0,52,10,104.0,44.0,0.0,0.0,0.0,0.0
9,group,asynchronous,4.415,0.6327749999999999,0.7954715582596275,42.0,True,0,0,1,27,11,69.0,94.0,9.0,0.0,0.0,0.0
9,group,asynchronous,4.675,1.089375,1.0437312872574052,17.0,True,0,0,1,22,12,70.0,65.0,32.0,10.0,0.0,0.0
9,group,asynchronous,3.585,0.362775,0.6023080607131205,136.0,True,0,0,0,95,13,93.0,12.0,0.0,0.0,0.0,0.0
9,group,asynchronous,4.57,0.33510000000000006,0.5788782255362522,,False,0,0,0,0,14,92.0,105.0,0.0,3.0,0.0,0.0
9,group,asynchronous,5.0,0.65,0.806225774829855,94.0,True,0,0,4,0,15,41.0,102.0,53.0,0.0,0.0,0.0
9,group,asynchronous,4.02,0.44959999999999994,0.6705221845696083,256.0,True,0,0,0,43,16,110.0,47.0,0.0,0.0,0.0,0.0
9,group,asynchronous,4.52,0.8395999999999999,0.9162968951164245,36.0,True,0,0,0,24,17,83.0,58.0,35.0,0.0,0.0,0.0
9,group,asynchronous,4.21,0.6259,0.7911384202527394,34.0,True,0,0,0,27,18,117.0,46.0,9.0,0.0,0.0,1.0
9,group,asynchronous,4.225,0.524375,0.724137417898012,33.0,True,0,0,0,28,19,106.0,59.0,7.0,0.0,0.0,0.0
9,group,asynchronous,4.605,0.35897499999999993,0.5991452244656549,94.0,True,0,0,0,0,20,91.0,97.0,12.0,0.0,0.0,0.0
9,group,asynchronous,4.135,0.6167750000000002,0.7853502403386659,,False,0,0,0,36,21,108.0,53.0,1.0,1.0,0.0,1.0
9,group,asynchronous,4.405,0.31097499999999995,0.5576513247540975,,False,0,0,2,0,22,114.0,83.0,1.0,0.0,0.0,0.0
9,group,asynchronous,4.66,0.8144,0.9024411338142783,67.0,True,1,0,0,12,23,70.0,89.0,27.0,0.0,0.0,1.0
9,group,asynchronous,4.535,0.27877499999999994,0.5279914772039411,197.0,True,0,0,0,0,24,95.0,104.0,0.0,1.0,0.0,0.0
9,group,asynchronous,4.415,0.44277500000000003,0.66541340533536,296.0,True,2,0,0,0,25,107.0,91.0,0.0,0.0,0.0,0.0
9,group,asynchronous,4.435,0.5757749999999999,0.7587983921965042,26.0,True,0,0,0,22,26,80.0,87.0,11.0,0.0,0.0,0.0
9,group,asynchronous,4.515,0.409775,0.6401367041499808,,False,0,0,0,0,27,104.0,94.0,0.0,0.0,1.0,1.0
9,group,asynchronous,4.865,0.5267750000000002,0.7257926701200559,77.0,True,0,0,0,0,28,68.0,91.0,41.0,0.0,0.0,0.0
9,group,asynchronous,4.03,0.4091,0.6396092557178953,280.0,True,0,0,0,38,29,118.0,44.0,0.0,0.0,0.0,0.0
3,group,partial,1.31,0.44389999999999996,0.6662582082045969,30.0,True,23,92,85,0,0,,,,,,
3,group,partial,1.475,0.2593749999999999,0.509288719686584,281.0,True,1,103,96,0,1,,,,,,
3,group,partial,1.41,0.24189999999999998,0.4918333050943175,,False,0,118,82,0,2,,,,,,
3,group,partial,1.455,0.647975,0.8049689435003067,50.0,True,20,89,71,20,3,,,,,,
3,group,partial,1.425,0.624375,0.7901740314639554,66.0,True,25,78,84,13,4,,,,,,
3,group,partial,1.53,0.2490999999999999,0.4990991885387111,106.0,True,0,94,106,0,5,,,,,,
3,group,partial,1.385,0.24677500000000002,0.49676453174517204,92.0,True,0,124,75,1,6,,,,,,
3,group,partial,1.545,0.327975,0.5726910161684048,89.0,True,0,99,93,8,7,,,,,,
3,group,partial,1.515,0.2597750000000001,0.5096812729539905,259.0,True,0,98,101,1,8,,,,,,
3,group,partial,1.595,0.37097499999999994,0.6090771708084288,109.0,True,0,94,93,13,9,,,,,,
3,group,partial,1.53,0.25909999999999994,0.5090186637049765,,False,1,92,107,0,10,,,,,,
3,group,partial,1.29,0.3759,0.6131068422387733,90.0,True,17,108,75,0,11,,,,,,
3,group,partial,1.7,0.49,0.7,38.0,True,0,88,84,28,12,,,,,,
3,group,partial,2.01,0.5098999999999999,0.714072825417688,61.0,True,0,50,98,52,13,,,,,,
3,group,partial,1.605,0.288975,0.5375639496841282,277.0,True,0,84,111,5,14,,,,,,
3,group,partial,1.535,0.268775,0.5184351454135802,106.0,True,1,92,106,1,15,,,,,,
3,group,partial,1.41,0.24189999999999998,0.4918333050943175,63.0,True,0,118,82,0,16,,,,,,
3,group,partial,1.585,0.33277500000000004,0.5768665356908823,67.0,True,0,92,99,9,17,,,,,,
3,group,partial,1.525,0.24937499999999993,0.4993746088859544,257.0,True,0,95,105,0,18,,,,,,
3,group,partial,1.62,0.3356,0.5793099343184096,26.0,True,0,86,104,10,19,,,,,,
3,group,partial,1.465,0.25877500000000003,0.5086993218002163,146.0,True,1,105,94,0,20,,,,,,
3,group,partial,1.34,0.3544,0.5953150426454886,57.0,True,13,106,81,0,21,,,,,,
3,group,partial,2.175,0.4443749999999999,0.6666145812986691,145.0,True,0,30,105,65,22,,,,,,
3,group,partial,1.54,0.24839999999999995,0.49839743177508444,44.0,True,0,92,108,0,23,,,,,,
3,group,partial,1.015,0.48477500000000007,0.6962578545337927,37.0,True,46,106,47,1,24,,,,,,
3,group,partial,1.265,0.384775,0.6203023456347718,28.0,True,19,109,72,0,25,,,,,,
3,group,partial,1.325,0.429375,0.6552671211040578,48.0,True,21,93,86,0,26,,,,,,
3,group,partial,1.48,0.24960000000000002,0.4995998398718719,167.0,True,0,104,96,0,27,,,,,,
3,group,partial,1.675,0.549375,0.7411983540186796,124.0,True,8,74,93,25,28,,,,,,
3,group,partial,1.44,0.2464,0.4963869458396343,43.0,True,0,112,88,0,29,,,,,,
5,group,partial,2.51,0.27989999999999987,0.5290557626564518,74.0,True,0,0,100,99,0,0.0,1.0,,,,
5,group,partial,2.46,0.49839999999999995,0.7059745037889116,11.0,True,1,16,79,98,1,6.0,0.0,,,,
5,group,partial,2.34,0.3643999999999999,0.6036555309114627,,False,0,14,104,82,2,0.0,0.0,,,,
5,group,partial,2.765,0.4297750000000001,0.6555722690901439,164.0,True,0,0,72,103,3,25.0,0.0,,,,
5,group,partial,2.585,0.282775,0.5317659259486264,77.0,True,0,0,87,109,4,4.0,0.0,,,,
5,group,partial,2.49,0.5398999999999999,0.7347788783028537,20.0,True,0,18,77,94,5,11.0,0.0,,,,
5,group,partial,2.06,0.4664,0.6829348431585549,81.0,True,0,41,106,53,6,0.0,0.0,,,,
5,group,partial,2.435,0.29577499999999995,0.5438520019269948,43.0,True,0,5,103,92,7,0.0,0.0,,,,
5,group,partial,2.485,0.24977499999999997,0.4997749493522059,218.0,True,0,0,103,97,8,0.0,0.0,,,,
5,group,partial,2.555,0.4069749999999999,0.6379459224730573,40.0,True,0,7,84,100,9,9.0,0.0,,,,
5,group,partial,3.08,0.5236000000000001,0.7236021006050218,125.0,True,0,0,42,103,10,52.0,3.0,,,,
5,group,partial,2.8,0.55,0.7416198487095663,56.0,True,0,7,58,103,11,32.0,0.0,,,,
5,group,partial,2.52,0.29960000000000003,0.5473572873361604,79.0,True,0,0,101,94,12,5.0,0.0,,,,
5,group,partial,2.39,0.5779,0.7601973427998812,22.0,True,0,24,84,82,13,10.0,0.0,,,,
5,group,partial,2.185,0.4407750000000001,0.6639088792899219,89.0,True,0,28,108,63,14,1.0,0.0,,,,
5,group,partial,2.435,0.495775,0.7041129170807762,48.0,True,0,12,102,73,15,13.0,0.0,,,,
5,group,partial,2.405,0.3609749999999999,0.6008119506135009,34.0,True,0,9,104,84,16,3.0,0.0,,,,
5,group,partial,2.795,0.4629749999999999,0.6804226627619041,44.0,True,1,0,65,107,17,27.0,0.0,,,,
5,group,partial,2.57,0.3451000000000001,0.5874521257089808,58.0,True,0,0,93,103,18,1.0,3.0,,,,
5,group,partial,2.47,0.3991000000000001,0.6317436188834835,20.0,True,0,9,94,91,19,6.0,0.0,,,,
5,group,partial,2.32,0.39760000000000006,0.6305553108173779,60.0,True,0,18,100,82,20,0.0,0.0,,,,
5,group,partial,2.44,0.6963999999999999,0.8345058418010025,17.0,True,0,28,73,82,21,17.0,0.0,,,,
5,group,partial,2.245,0.5049750000000001,0.7106159300212739,262.0,True,0,31,90,78,22,1.0,0.0,,,,
5,group,partial,2.735,0.5747749999999999,0.7581391692822631,78.0,True,0,5,74,92,23,27.0,2.0,,,,
5,group,partial,3.145,0.4639749999999999,0.6811571037580096,41.0,True,0,0,34,103,24,63.0,0.0,,,,
5,group,partial,2.72,0.40159999999999996,0.6337191807101944,150.0,True,0,0,75,107,25,17.0,1.0,,,,
5,group,partial,2.74,0.45239999999999997,0.6726068688320095,16.0,True,0,2,72,102,26,24.0,0.0,,,,
5,group,partial,2.36,0.34040000000000004,0.5834380858325929,63.0,True,0,11,106,83,27,0.0,0.0,,,,
5,group,partial,2.32,0.5376000000000001,0.7332121111929345,22.0,True,0,24,96,72,28,8.0,0.0,,,,
5,group,partial,2.54,0.7584000000000001,0.8708616422830897,61.0,True,0,21,79,72,29,27.0,1.0,,,,
7,group,partial,4.165,0.4377749999999999,0.6616456755696359,125.0,True,0,0,2,24,0,113.0,61.0,0.0,0.0,,
7,group,partial,4.365,0.3917750000000001,0.6259193238748906,247.0,True,0,0,0,15,1,98.0,86.0,1.0,0.0,,
7,group,partial,3.34,0.8144000000000001,0.9024411338142783,32.0,True,0,0,35,85,2,58.0,21.0,1.0,0.0,,
7,group,partial,3.16,0.5943999999999999,0.7709734106958552,140.0,True,0,3,37,85,3,75.0,0.0,0.0,0.0,,
7,group,partial,4.03,0.5590999999999999,0.7477298977572048,208.0,True,0,0,0,52,4,91.0,56.0,1.0,0.0,,
7,group,partial,3.515,0.2497749999999999,0.49977494935220584,90.0,True,0,0,0,97,5,103.0,0.0,0.0,0.0,,
7,group,partial,3.375,0.364375,0.6036348233824818,,False,0,1,10,102,6,87.0,0.0,0.0,0.0,,
7,group,partial,3.285,0.503775,0.7097710898592587,91.0,True,0,0,24,98,7,77.0,0.0,0.0,1.0,,
7,group,partial,3.39,0.2779,0.5271622141238881,37.0,True,0,0,4,114,8,82.0,0.0,0.0,0.0,,
7,group,partial,3.225,0.4543750000000001,0.6740734381356382,167.0,True,0,0,28,99,9,73.0,0.0,0.0,0.0,,
7,group,partial,3.515,0.24977499999999997,0.4997749493522059,110.0,True,0,0,0,97,10,103.0,0.0,0.0,0.0,,
7,group,partial,3.625,0.454375,0.6740734381356381,125.0,True,0,0,5,82,11,96.0,17.0,0.0,0.0,,
7,group,partial,3.515,0.709775,0.8424814538018033,40.0,True,1,0,17,82,12,77.0,23.0,0.0,0.0,,
7,group,partial,3.5,0.27,0.5196152422706632,53.0,True,0,0,0,102,13,96.0,2.0,0.0,0.0,,
7,group,partial,3.1,0.45,0.6708203932499369,184.0,True,0,0,32,120,14,44.0,4.0,0.0,0.0,,
7,group,partial,3.025,0.5543750000000001,0.7445636305917716,65.0,True,0,4,41,101,15,54.0,0.0,0.0,0.0,,
7,group,partial,4.065,0.5807749999999999,0.7620859531575161,113.0,True,0,0,3,43,16,92.0,62.0,0.0,0.0,,
7,group,partial,3.325,0.329375,0.5739120141624497,49.0,True,0,0,11,113,17,76.0,0.0,0.0,0.0,,
7,group,partial,3.165,0.5777749999999999,0.7601151228596889,54.0,True,0,1,36,97,18,61.0,5.0,0.0,0.0,,
7,group,partial,3.315,0.6657749999999999,0.8159503661375488,39.0,True,0,0,30,92,19,63.0,15.0,0.0,0.0,,
7,group,partial,3.545,0.277975,0.5272333449242376,247.0,True,0,0,0,93,20,106.0,0.0,1.0,0.0,,
7,group,partial,3.095,0.46597500000000003,0.6826236151789652,78.0,True,0,0,38,105,21,57.0,0.0,0.0,0.0,,
7,group,partial,3.205,0.6629749999999999,0.8142327677022093,32.0,True,0,0,44,77,22,73.0,6.0,0.0,0.0,,
7,group,partial,3.52,0.7096000000000001,0.8423775875461076,39.0,True,0,0,21,79,23,75.0,25.0,0.0,0.0,,
7,group,partial,3.52,0.2596,0.5095095681142798,92.0,True,0,0,1,94,24,105.0,0.0,0.0,0.0,,
7,group,partial,3.535,0.338775,0.5820438127838832,183.0,True,0,0,0,98,25,100.0,0.0,1.0,1.0,,
7,group,partial,3.765,0.40977500000000006,0.6401367041499808,79.0,True,0,0,0,70,26,107.0,23.0,0.0,0.0,,
7,group,partial,3.62,0.6855999999999999,0.828009661779378,80.0,True,0,0,18,67,27,88.0,27.0,0.0,0.0,,
7,group,partial,3.305,0.48197499999999993,0.6942441933498615,273.0,True,1,0,21,93,28,85.0,0.0,0.0,0.0,,
7,group,partial,3.71,0.7058999999999999,0.8401785524517987,49.0,True,0,0,5,75,29,105.0,9.0,0.0,6.0,,
9,group,partial,4.345,0.425975,0.652667602995583,170.0,True,0,0,0,20,0,91.0,89.0,0.0,0.0,0.0,0.0
9,group,partial,5.03,0.44909999999999994,0.6701492371106602,229.0,True,0,0,0,0,1,42.0,110.0,48.0,0.0,0.0,0.0
9,group,partial,4.665,0.632775,0.7954715582596276,47.0,True,0,0,0,14,2,66.0,93.0,27.0,0.0,0.0,0.0
9,group,partial,4.58,1.1736000000000002,1.0833282051160673,79.0,True,1,0,2,36,3,42.0,78.0,41.0,0.0,0.0,0.0
9,group,partial,4.425,0.524375,0.724137417898012,57.0,True,0,2,1,4,4,105.0,79.0,9.0,0.0,0.0,0.0
9,group,partial,4.62,0.7256,0.8518215775618742,117.0,True,2,0,2,0,5,81.0,96.0,17.0,2.0,0.0,0.0
9,group,partial,4.505,0.559975,0.7483147733407379,67.0,True,0,0,0,10,6,97.0,77.0,15.0,0.0,1.0,0.0
9,group,partial,4.615,1.1067750000000003,1.0520337447059387,36.0,True,0,0,3,27,7,61.0,66.0,39.0,4.0,0.0,0.0
9,group,partial,4.675,0.499375,0.7066647012551285,77.0,True,0,0,0,4,8,78.0,99.0,18.0,0.0,1.0,0.0
9,group,partial,4.285,0.533775,0.7305990692575511,177.0,True,0,0,1,18,9,110.0,69.0,0.0,0.0,2.0,0.0
9,group,partial,4.855,0.863975,0.9295025551336586,24.0,True,0,1,2,6,10,58.0,87.0,41.0,5.0,0.0,0.0
9,group,partial,4.825,0.47437499999999994,0.6887488656977955,71.0,True,0,0,0,0,11,65.0,108.0,24.0,3.0,0.0,0.0
9,group,partial,4.81,1.3138999999999998,1.1462547709824373,10.0,True,0,1,6,17,12,46.0,77.0,42.0,11.0,0.0,0.0
9,group,partial,4.905,0.8659749999999999,0.9305777775124441,84.0,True,0,1,0,0,13,75.0,76.0,36.0,12.0,0.0,0.0
9,group,partial,4.52,0.7095999999999999,0.8423775875461075,52.0,True,2,1,0,7,14,81.0,96.0,13.0,0.0,0.0,0.0
9,group,partial,4.525,0.349375,0.5910795208768445,95.0,True,0,0,0,0,15,105.0,85.0,10.0,0.0,0.0,0.0
9,group,partial,4.465,0.5387749999999999,0.7340129426651821,26.0,True,0,0,0,17,16,85.0,86.0,12.0,0.0,0.0,0.0
9,group,partial,4.01,0.5498999999999999,0.7415524256584964,122.0,True,1,0,0,44,17,105.0,50.0,0.0,0.0,0.0,0.0
9,group,partial,5.02,0.5596,0.7480641683706017,253.0,True,0,0,0,0,18,48.0,103.0,48.0,0.0,0.0,1.0
9,group,partial,4.95,0.5375,0.733143914930759,116.0,True,0,0,0,0,19,59.0,92.0,49.0,0.0,0.0,0.0
9,group,partial,3.955,0.6629749999999999,0.8142327677022093,35.0,True,1,0,5,46,20,97.0,51.0,0.0,0.0,0.0,0.0
9,group,partial,4.605,0.9389750000000001,0.9690072239152813,21.0,True,0,0,3,17,21,73.0,77.0,23.0,7.0,0.0,0.0
9,group,partial,4.785,1.2287749999999997,1.108501240414281,61.0,True,0,0,7,17,22,49.0,73.0,47.0,7.0,0.0,0.0
9,group,partial,4.23,0.6071,0.7791662210337407,190.0,True,0,0,0,33,23,98.0,59.0,10.0,0.0,0.0,0.0
9,group,partial,4.85,0.4675,0.6837397165588672,42.0,True,0,0,0,0,24,58.0,117.0,24.0,0.0,0.0,1.0
9,group,partial,4.265,0.464775,0.6817440868830473,80.0,True,0,0,0,27,25,93.0,80.0,0.0,0.0,0.0,0.0
9,group,partial,4.18,0.5076,0.7124605252222751,52.0,True,0,0,0,32,26,103.0,63.0,1.0,1.0,0.0,0.0
9,group,partial,4.37,0.39309999999999995,0.6269768735766894,126.0,True,0,0,0,9,27,115.0,69.0,7.0,0.0,0.0,0.0
9,group,partial,4.59,0.5418999999999999,0.7361385739111896,97.0,True,0,0,0,9,28,85.0,85.0,21.0,0.0,0.0,0.0
9,group,partial,4.535,1.1387749999999999,1.0671340122027786,17.0,True,0,0,6,26,29,63.0,70.0,30.0,5.0,0.0,0.0
